2,5761.001,13.109961,250.64,3285.9008,28.7188
2,5762.001,13.10957,245.652,3220.672,28.7188
2,5763.001,13.109766,250.672,3286.2464,28.7188
2,5764.001,13.110156,254.02,3330.2144,28.7188
2,5765.001,13.109961,255.628,3351.2576,28.7188
2,5766.001,13.110156,252.948,3316.48,28.7266
2,5767.001,13.110547,255.896,3354.9696,28.7266
2,5768.001,13.110742,256.296,3360.2304,28.7188
2,5769.001,13.110352,255.48,3349.44,28.7266
2,5770.001,13.110547,256.02,3356.544,28.7188
2,5771.001,13.110742,258.116,3367.5648,28.7188
2,5772.001,13.110938,257.804,3380.0448,28.7188
2,5773.001,13.110547,254.36,3335.0016,28.7188
2,5774.001,13.110742,258.336,3386.9696,28.7266
2,5775.001,13.111133,258.908,3394.5728,28.7266
2,5776.001,13.110938,259.972,3408.512,28.7266
2,5777.001,13.111328,260.58,3416.5248,28.7266
2,5778.001,13.111133,257.964,3382.1696,28.7266
2,5779.001,13.111328,256.028,3357.1968,28.7188
2,5780.001,13.111328,260.476,3415.2064,28.7188
2,5781.001,13.111133,256.56,3363.7632,28.7266
2,5782.001,13.111523,259.436,3401.5872,28.7344
2,5783.001,13.111328,259.52,3402.6752,28.7266
2,5784.001,13.111328,254.676,3339.3664,28.7266
2,5785.001,13.111523,259.124,3397.5168,28.7266
2,5786.001,13.111914,260.512,3415.7952,28.7266
2,5787.001,13.111719,261.932,3434.368,28.7344
2,5788.001,13.111914,264.456,3467.5584,28.7344
2,5789.001,13.112109,264.476,3467.8144,28.7344
2,5790.001,13.112109,261.272,3425.856,28.7344
2,5791.001,13.1125,264.892,3473.3696,28.7422
2,5792.001,13.1125,264.228,3464.6912,28.7344
2,5793.001,13.112695,266.02,3488.192,28.7422
2,5794.001,13.112695,266.184,3490.4192,28.7422
2,5795.001,13.112695,264.176,3464.064,28.7344
2,5796.001,13.112891,263.944,3461.0432,28.7344
2,5797.001,13.112695,261.94,3434.9952,28.7422
2,5798.001,13.112695,264.328,3466.048,28.7422
2,5799.001,13.112891,264.66,3470.4512,28.7422
2,5800.001,13.113086,265.172,3477.248,28.7422
2,5801.001,13.112695,263.248,3451.8784,28.75
2,5802.001,13.112695,259.44,3401.984,28.75
2,5803.001,13.112891,261.072,3423.3728,28.7422
2,5804.001,13.112695,260.316,3413.44,28.75
2,5805.001,13.1125,257.952,3382.4,28.7422
2,5806.001,13.112305,256.756,3366.656,28.7422
2,5807.001,13.112109,254.604,3338.4064,28.7422
2,5761.001,13.116797,252.004,3305.4464,29.5078
2,5762.001,13.116797,253.448,3324.4672,29.5078
2,5763.001,13.117188,255.544,3352.0,29.5078
2,5764.001,13.116992,253.816,3329.28,29.5078
2,5765.001,13.117383,254.98,3344.64,29.5078
2,5766.001,13.117188,255.46,3350.9248,29.5078
2,5767.001,13.116602,250.54,3286.2464,29.5078
2,5768.001,13.117383,253.736,3328.3456,29.5078
2,5769.001,13.116992,250.968,3291.9808,29.5078
2,5770.001,13.116992,250.996,3292.3136,29.5156
2,5771.001,13.117188,255.112,3346.3552,29.5156
2,5772.001,13.117188,253.576,3326.2208,29.5156
2,5773.001,13.117383,254.384,3336.832,29.5234
2,5774.001,13.117188,255.452,3350.7968,29.5234
2,5775.001,13.117383,254.628,3340.032,29.5313
2,5776.001,13.117578,254.672,3340.672,29.5313
2,5777.001,13.117578,255.844,3356.0192,29.5391
2,5778.001,13.117773,254.888,3343.5264,29.5391
2,5779.001,13.117578,255.232,3348.0064,29.5469
2,5780.001,13.117773,256.18,3360.4992,29.5469
2,5781.001,13.117578,255.112,3346.4576,29.5469
2,5782.001,13.117578,254.82,3342.5792,29.5547
2,5783.001,13.117578,255.896,3356.7488,29.5547
2,5784.001,13.117383,254.792,3342.208,29.5625
2,5785.001,13.117383,254.568,3339.2256,29.5625
2,5786.001,13.117773,255.824,3355.8528,29.5703
2,5787.001,13.117578,254.82,3342.6048,29.5703
2,5788.001,13.117773,253.976,3331.5584,29.5781
2,5789.001,13.117578,254.488,3338.2528,29.5781
2,5790.001,13.117578,254.268,3335.36,29.5781
2,5791.001,13.117773,255.152,3347.0208,29.5859
2,5792.001,13.117773,254.5,3338.4576,29.5859
2,5793.001,13.117773,253.648,3327.2704,29.5938
2,5794.001,13.117773,254.592,3339.6352,29.5938
2,5795.001,13.117773,254.392,3337.0624,29.6016
2,5796.001,13.117578,253.092,3319.9616,29.6016
2,5797.001,13.117969,254.428,3337.536,29.6094
2,5798.001,13.117383,254.54,3338.9312,29.6094
2,5799.001,13.117773,253.26,3322.1888,29.6094
2,5800.001,13.117578,254.572,3339.392,29.6094
2,5801.001,13.117773,254.332,3336.2432,29.6172
2,5802.001,13.117578,252.72,3315.0592,29.625
2,5803.001,13.117773,253.536,3325.7984,29.625
2,5804.001,13.117578,249.796,3276.9664,29.625
2,5805.001,13.117578,252.428,3311.2192,29.6328
2,5806.001,13.117578,253.084,3319.8336,29.6328
2,5807.001,13.117578,253.944,3331.1232,29.6406
2,5808.001,13.117578,252.988,3318.5536,29.6406
2,5809.001,13.117969,253.9,3330.5984,29.6484
2,5810.001,13.117578,252.748,3315.456,29.6406
2,5811.001,13.117578,253.296,3322.6496,29.6484
2,5812.001,13.117578,253.464,3324.8256,29.6563
2,5813.001,13.117578,252.208,3308.352,29.6484
2,5814.001,13.117773,252.292,3309.504,29.6484
2,5815.001,13.117578,252.704,3314.8672,29.6484
2,5816.001,13.117383,251.62,3300.5952,29.6563
2,5817.001,13.117773,252.044,3306.2784,29.6563
2,5818.001,13.117578,252.988,3318.5792,29.6563
2,5819.001,13.117578,252.088,3306.7904,29.6563
2,5820.001,13.117773,252.264,3309.0944,29.6563
2,5820.994,13.117383,253.356,3323.3536,29.6563
2,5821.994,13.117578,252.548,3312.7936,29.6641
2,5822.994,13.117578,248.308,3257.4336,29.6641
2,5823.994,13.117578,252.476,3311.8976,29.6563
2,5824.994,13.117578,251.896,3304.2432,29.6563
2,5825.994,13.117578,251.5,3299.072,29.6641
2,5826.994,13.117773,252.188,3308.1344,29.6641
2,5827.994,13.117383,248.528,3260.0448,29.6641
2,5828.994,13.117578,251.748,3302.2976,29.6719
2,5829.994,13.117578,251.036,3292.992,29.6719
2,5830.994,13.117383,250.416,3284.8,29.6719
2,5831.994,13.117383,251.268,3295.9744,29.6719
2,5832.994,13.116992,250.784,3289.5232,29.6797
2,5833.994,13.117383,250.412,3284.736,29.6797
2,5834.994,13.117578,251.74,3302.1952,29.6797
2,5835.994,13.117578,251.904,3304.3584,29.6875
2,5836.994,13.117188,251.124,3294.0672,29.6875
2,5837.994,13.117578,252.244,3308.8128,29.6875
2,5838.994,13.117773,252.552,3312.896,29.6953
2,5839.994,13.117383,249.4,3271.4752,29.6953
2,5840.994,13.117383,249.92,3278.2848,29.6953
2,5841.994,13.117578,249.244,3269.76,29.7031
2,5842.994,13.117578,251.944,3304.9216,29.7031
2,5843.994,13.117969,253.088,3320.0256,29.7031
2,5844.994,13.117578,253.688,3327.7696,29.7109
2,5845.994,13.117578,252.624,3313.7792,29.7109
2,5846.994,13.117773,253.452,3324.736,29.7109
2,5847.994,13.117969,254.032,3332.4032,29.7188
2,5848.994,13.117578,252.592,3313.3824,29.7188
2,5849.994,13.117578,254.032,3332.2624,29.7266
2,5850.994,13.117578,253.048,3319.3856,29.7188
2,5851.994,13.117773,253.46,3324.8128,29.7266
2,5852.994,13.117773,251.348,3297.1776,29.7266
2,5853.994,13.117773,253.356,3323.4688,29.7266
2,5854.994,13.117969,253.672,3327.616,29.7266
2,5855.994,13.117969,254.356,3336.6272,29.7344
2,5856.994,13.117969,253.356,3323.5456,29.7266
2,5857.994,13.117969,253.2,3321.4336,29.7344
2,5858.994,13.117773,250.536,3286.7712,29.7344
2,5859.994,13.118164,253.492,3325.3248,29.7422
2,5860.994,13.118164,253.432,3324.5568,29.7422
2,5861.994,13.118164,254.76,3341.9904,29.7344
2,5862.994,13.117969,253.768,3328.9344,29.7422
2,5863.994,13.118164,253.712,3328.2304,29.7422
2,5864.994,13.117969,252.544,3312.8832,29.7422
2,5865.994,13.118164,253.656,3327.4624,29.75
2,5866.994,13.117969,253.472,3325.0304,29.75
2,5867.994,13.118164,254.66,3340.6848,29.75
2,5868.994,13.118164,254.04,3332.4928,29.7578
2,5869.994,13.118359,254.552,3339.3024,29.7578
2,5870.994,13.118164,254.308,3336.0512,29.7656
2,5871.994,13.117969,249.684,3275.3408,29.7656
2,5872.994,13.118555,254.76,3342.08,29.7656
2,5873.994,13.118164,254.428,3337.6128,29.7734
2,5874.994,13.118359,253.34,3323.392,29.7734
2,5875.994,13.117969,254.8,3342.4768,29.7734
2,5876.994,13.118359,250.5,3286.4,29.7734
2,5877.994,13.118359,253.08,3320.0256,29.7734
2,5878.994,13.118164,254.124,3333.6192,29.7813
2,5879.994,13.118555,254.304,3336.1152,29.7813
2,5880.99,13.118164,252.788,3316.0704,29.7734
2,5881.99,13.118359,253.84,3329.9712,29.7813
2,5882.99,13.118555,253.956,3331.4944,29.7891
2,5883.99,13.118164,252.296,3309.6832,29.7813
2,5884.99,13.118164,253.152,3320.9216,29.7969
2,5885.99,13.118359,253.644,3327.3728,29.7969
2,5886.99,13.118164,252.448,3311.6416,29.8047
2,5887.99,13.118164,252.98,3318.6432,29.7969
2,5888.99,13.118164,253.916,3330.8928,29.8047
2,5889.99,13.118359,252.728,3315.3408,29.8047
2,5890.99,13.118164,254.092,3333.2096,29.8047
2,5891.99,13.118164,252.06,3306.56,29.8047
2,5892.99,13.118164,252.2,3308.3904,29.8047
2,5893.99,13.118359,252.936,3318.1184,29.8125
2,5894.99,13.118164,251.472,3298.8672,29.8125
2,5895.99,13.118359,251.744,3302.4512,29.8203
2,5896.99,13.118164,252.58,3313.3824,29.8203
2,5897.99,13.118359,251.664,3301.4016,29.8203
2,5898.99,13.117969,251.256,3295.9744,29.8203
2,5899.99,13.118359,252.208,3308.5312,29.8281
2,5900.99,13.118359,251.0,3292.672,29.8281
2,5901.99,13.118164,251.256,3296.0,29.8281
2,5902.99,13.118164,251.804,3303.2064,29.8281
2,5903.99,13.118164,251.232,3295.6928,29.8281
2,5904.99,13.117969,250.996,3292.5184,29.8281
2,5905.99,13.118164,253.96,3331.5072,29.8359
2,5906.99,13.118164,252.708,3315.072,29.8281
2,5907.99,13.118164,252.344,3310.3232,29.8359
2,5908.99,13.118359,254.128,3333.7472,29.8359
2,5909.99,13.118555,252.628,3314.0864,29.8359
2,5910.99,13.118359,253.984,3331.84,29.8438
2,5911.99,13.11875,253.148,3320.9344,29.8438
2,5912.99,13.118164,252.648,3314.24,29.8438
2,5913.99,13.118359,252.94,3318.144,29.8438
2,5914.99,13.118359,252.44,3311.552,29.8438
2,5915.99,13.118164,251.368,3297.5104,29.8359
2,5916.99,13.118555,253.124,3320.6272,29.8438
2,5917.99,13.118555,253.404,3324.3136,29.8438
2,5918.99,13.118359,253.368,3323.7888,29.8438
2,5919.99,13.118555,254.84,3343.1296,29.8438
2,5920.99,13.11875,256.008,3358.4896,29.8516
2,5921.99,13.118359,254.1,3333.376,29.8438
2,5922.99,13.118555,254.58,3339.6992,29.8516
2,5923.99,13.118359,250.76,3289.8304,29.8438
2,5924.99,13.118555,253.92,3331.0592,29.8516
2,5925.99,13.118555,254.344,3336.6272,29.8438
2,5926.99,13.11875,254.84,3343.1808,29.8438
2,5927.99,13.11875,254.968,3344.8704,29.8516
2,5928.99,13.118945,255.156,3347.3536,29.8516
2,5929.99,13.11875,253.656,3327.6416,29.8516
2,5930.99,13.118945,253.16,3321.152,29.8516
2,5931.99,13.11875,251.184,3295.2064,29.8516
2,5932.99,13.118945,252.812,3316.6208,29.8516
2,5933.99,13.11875,253.564,3326.464,29.8516
2,5934.99,13.118945,254.372,3337.088,29.8516
2,5935.99,13.11875,252.864,3317.248,29.8594
2,5936.99,13.11875,252.996,3318.9632,29.8516
2,5937.99,13.118945,256.7,3367.6288,29.8594
2,5938.99,13.118945,255.876,3356.8128,29.8594
2,5939.99,13.11875,254.232,3335.1936,29.8516
2,5940.986,13.11875,253.7,3328.2304,29.8516
2,5941.986,13.118945,252.852,3317.1584,29.8438
2,5942.986,13.11875,252.42,3311.4368,29.8438
2,5943.986,13.11875,253.896,3330.7904,29.8438
2,5944.986,13.118555,253.032,3319.4112,29.8516
2,5945.986,13.118945,252.8,3316.4416,29.8516
2,5946.986,13.118945,254.696,3341.3376,29.8516
2,5947.986,13.118555,248.924,3265.8432,29.8516
2,5948.986,13.11875,248.544,3260.8768,29.8516
2,5949.986,13.118945,250.868,3291.0336,29.8516
2,5950.986,13.118945,253.236,3322.176,29.8516
2,5951.986,13.119141,255.376,3350.3104,29.8516
2,5952.986,13.118945,253.86,3330.3936,29.8516
2,5953.986,13.11875,253.76,3328.9984,29.8516
2,5954.986,13.118945,255.848,3356.4544,29.8516
2,5955.986,13.118945,255.472,3351.5136,29.8516
2,5956.986,13.118945,254.896,3343.9616,29.8516
2,5957.986,13.118945,256.164,3360.6144,29.8438
2,5958.986,13.119531,257.552,3378.9056,29.8516
2,5959.986,13.119727,259.612,3406.0288,29.8438
2,5960.986,13.119141,252.132,3307.968,29.8438
2,5961.986,13.119531,260.996,3424.1792,29.8516
2,5962.986,13.119141,252.908,3317.9136,29.8516
2,5963.986,13.119531,254.636,3340.6976,29.8516
2,5964.986,13.119727,259.516,3404.7616,29.8516
2,5965.986,13.119922,262.428,3443.0208,29.8516
2,5966.986,13.119922,258.232,3388.3264,29.8516
2,5967.986,13.119922,259.128,3399.744,29.8516
2,5968.986,13.120313,261.616,3432.448,29.8516
2,5969.986,13.120117,261.244,3427.5584,29.8516
2,5970.986,13.120117,261.248,3427.6224,29.8516
2,5971.986,13.120508,260.516,3418.0992,29.8438
2,5972.986,13.120508,263.0,3450.6752,29.8438
2,5973.986,13.120313,262.092,3438.7328,29.8516
2,5974.986,13.120508,260.076,3412.3264,29.8438
2,5975.986,13.121094,263.292,3454.656,29.8438
2,5976.986,13.103906,51.224,671.2064,29.8516
2,5977.986,13.099805,48.144,630.6944,29.8438
2,5978.986,13.096484,43.212,565.9264,29.8359
2,5979.986,13.110742,261.384,3426.9312,29.8359
2,5980.986,13.113086,262.592,3443.3536,29.8359
2,5981.986,13.114453,263.2,3451.7248,29.8281
2,5982.986,13.115234,261.472,3429.248,29.8203
2,5983.986,13.115625,256.664,3366.6432,29.8125
2,5984.986,13.11582,257.444,3376.9088,29.8203
2,5985.986,13.116602,260.856,3421.5168,29.8203
2,5986.986,13.116992,260.984,3423.3216,29.8203
2,5987.986,13.117578,262.028,3437.1456,29.8281
2,5988.986,13.117383,260.536,3417.5232,29.8281
2,5989.986,13.117383,259.912,3409.3952,29.8281
2,5990.986,13.117578,261.348,3428.2624,29.8281
2,5991.986,13.117578,254.496,3338.3552,29.8281
2,5992.986,13.118359,262.524,3443.8784,29.8281
2,5993.986,13.118359,262.16,3439.0912,29.8203
2,5994.986,13.118359,260.004,3410.7904,29.8281
2,5995.986,13.118555,261.156,3425.9584,29.8281
2,5996.986,13.11875,261.076,3425.0112,29.8281
2,5997.986,13.118359,253.052,3320.2432,29.8203
2,5998.986,13.118945,261.56,3431.3856,29.8281
2,5999.986,13.118945,261.56,3431.3984,29.8281
2,6000.982,13.119531,261.612,3432.192,29.8203
2,6001.982,13.119141,257.02,3372.0832,29.8203
2,6002.982,13.119141,258.58,3392.6784,29.8281
2,6003.982,13.119531,262.676,3446.1568,29.8281
2,6004.982,13.119336,258.916,3396.7744,29.8281
2,6005.982,13.119531,261.568,3431.6416,29.8203
2,6006.982,13.119531,257.964,3384.3328,29.8203
2,6007.982,13.119531,256.404,3363.8656,29.8203
2,6008.982,13.119727,260.98,3424.0128,29.8203
2,6009.982,13.119531,258.98,3397.696,29.8203
2,6010.982,13.119531,261.428,3429.8368,29.8203
2,6011.982,13.119727,257.276,3375.36,29.8125
2,6012.982,13.119531,259.42,3403.4688,29.8125
2,6013.982,13.119922,261.676,3433.1904,29.8125
2,6014.982,13.119336,251.22,3295.872,29.8125
2,6015.982,13.119336,250.836,3291.0208,29.8125
2,6016.982,13.119727,258.148,3386.816,29.8125
2,6017.982,13.119531,259.332,3402.3424,29.8047
2,6018.982,13.120117,261.084,3425.4208,29.8125
2,6019.982,13.120313,262.128,3439.1552,29.8125
2,6020.982,13.120313,261.972,3437.1456,29.8203
2,6021.982,13.120117,260.296,3415.0656,29.8125
2,6022.982,13.120313,262.196,3440.1152,29.8125
2,6023.982,13.120508,258.464,3391.1552,29.8047
2,6024.982,13.120117,261.176,3426.6624,29.8047
2,6025.982,13.120703,262.568,3445.12,29.7969
2,6026.982,13.120703,262.396,3442.816,29.7969
2,6027.982,13.120508,260.884,3422.8992,29.8047
2,6028.982,13.120898,263.316,3454.9376,29.8047
2,6029.982,13.120703,261.824,3435.3152,29.8047
2,6030.982,13.120898,262.712,3447.0144,29.8047
2,6031.982,13.121094,262.92,3449.792,29.8047
2,6032.982,13.120703,262.1,3438.9376,29.8047
2,6033.982,13.119922,248.66,3262.6304,29.8047
2,6034.982,13.120508,259.768,3408.5888,29.8125
2,6035.982,13.120313,253.252,3322.7264,29.7969
2,6036.982,13.121094,264.868,3475.3152,29.7969
2,6037.982,13.120898,261.552,3431.744,29.7969
2,6038.982,13.120508,257.576,3379.4944,29.7969
2,6039.982,13.120703,264.196,3466.432,29.7969
2,6040.982,13.120117,255.772,3355.7504,29.8047
2,6041.982,13.120117,253.656,3328.0,29.8047
2,6042.982,13.119922,250.828,3290.8288,29.8047
2,6043.982,13.120313,260.592,3419.0464,29.7969
2,6044.982,13.120703,263.316,3454.8608,29.8047
2,6045.982,13.120703,260.932,3423.5776,29.7969
2,6046.982,13.120898,264.004,3463.9744,29.8047
2,6047.982,13.120898,258.572,3392.6912,29.8047
2,6048.982,13.120508,254.54,3339.6992,29.8047
2,6049.982,13.121289,263.408,3456.2688,29.8047
2,6050.982,13.121094,261.16,3426.7264,29.7969
2,6051.982,13.120898,255.76,3355.776,29.7969
2,6052.982,13.120313,249.672,3275.968,29.8047
2,6053.982,13.121289,262.224,3440.7296,29.8047
2,6054.982,13.121289,261.576,3432.2304,29.8047
2,6055.982,13.121289,261.288,3428.4672,29.8047
2,6056.982,13.121289,261.024,3424.9728,29.8125
2,6057.982,13.12168,263.236,3454.08,29.8125
2,6058.982,13.121484,261.852,3435.904,29.8047
2,6059.982,13.12168,261.372,3429.6064,29.8047
2,6060.978,13.12168,263.74,3460.7104,29.8047
2,6061.978,13.121484,262.852,3449.0368,29.8047
2,6062.978,13.121875,262.512,3444.6208,29.8047
2,6063.978,13.12168,263.856,3462.2592,29.8047
2,6064.978,13.12168,262.792,3448.2688,29.7969
2,6065.978,13.12207,262.412,3443.3664,29.8047
2,6066.978,13.12207,264.228,3467.1872,29.7969
2,6067.978,13.121875,259.82,3409.5488,29.7969
2,6068.978,13.12168,255.144,3348.1344,29.7969
2,6069.978,13.120898,248.072,3254.9248,29.7969
2,6070.978,13.120898,247.696,3249.984,29.7969
2,6071.978,13.120898,250.48,3286.4896,29.8047
2,6072.978,13.120898,256.2,3361.5616,29.7969
2,6073.978,13.120508,250.568,3287.6032,29.7969
2,6074.978,13.120898,252.604,3314.368,29.7969
2,6075.978,13.120703,254.14,3334.5024,29.7969
2,6076.978,13.120703,250.672,3289.0112,29.8047
2,6077.978,13.120508,251.884,3304.832,29.7969
2,6078.978,13.121484,259.892,3410.1248,29.7969
2,6079.978,13.120703,253.044,3320.0768,29.7891
2,6080.978,13.120898,254.248,3335.9616,29.7891
2,6081.978,13.121094,257.0,3372.096,29.7891
2,6082.978,13.121094,257.096,3373.4144,29.7969
2,6083.978,13.121094,258.9,3397.0048,29.7969
2,6084.978,13.121484,258.596,3393.152,29.7969
2,6085.978,13.121289,259.676,3407.2832,29.7969
2,6086.978,13.121484,262.896,3449.5872,29.7969
2,6087.978,13.12168,262.452,3443.8272,29.7969
2,6088.978,13.12168,259.096,3399.7568,29.7969
2,6089.978,13.121484,259.356,3403.1488,29.7969
2,6090.978,13.12207,262.104,3439.3344,29.7969
2,6091.978,13.12168,259.28,3402.176,29.7969
2,6092.978,13.12168,258.98,3398.208,29.7969
2,6093.978,13.121094,252.596,3314.3296,29.8047
2,6094.978,13.121094,251.916,3305.3696,29.7969
2,6095.978,13.121289,259.524,3405.2736,29.7969
2,6096.978,13.121484,262.176,3440.1152,29.7969
2,6097.978,13.12207,263.556,3458.4192,29.8047
2,6098.978,13.122266,265.908,3489.28,29.8047
2,6099.978,13.122266,265.2,3480.0384,29.8047
2,6100.978,13.122461,264.372,3469.2096,29.8047
2,6101.978,13.122656,264.476,3470.6176,29.8047
2,6102.978,13.122656,264.564,3471.7568,29.8047
2,6103.978,13.122461,263.452,3457.152,29.8125
2,6104.978,13.122656,264.392,3469.4912,29.8125
2,6105.978,13.122656,264.08,3465.408,29.8125
2,6106.978,13.122656,264.396,3469.5808,29.8125
2,6107.978,13.123047,265.516,3484.3648,29.8203
2,6108.978,13.122656,264.208,3467.0976,29.8125
2,6109.978,13.123047,264.396,3469.7088,29.8203
2,6110.978,13.122852,259.228,3401.856,29.8203
2,6111.978,13.123047,263.56,3458.6752,29.8281
2,6112.978,13.122656,263.924,3463.3728,29.8281
2,6113.978,13.123047,265.872,3489.0368,29.8281
2,6114.978,13.123242,265.392,3482.8032,29.8281
2,6115.978,13.123242,265.972,3490.432,29.8359
2,6116.978,13.123438,266.316,3494.976,29.8359
2,6117.978,13.123438,265.18,3480.0512,29.8281
2,6118.978,13.123438,265.832,3488.6272,29.8359
2,6119.978,13.123633,266.38,3495.8592,29.8359
2,6120.974,13.123438,265.18,3480.0768,29.8438
2,6121.974,13.123438,264.4,3469.8624,29.8438
2,6122.974,13.123633,261.208,3428.288,29.8438
2,6123.974,13.123438,260.712,3421.6192,29.8438
2,6124.974,13.123438,264.624,3472.7424,29.8516
2,6125.974,13.123633,265.388,3482.8544,29.8516
2,6126.974,13.123438,264.812,3475.2256,29.8516
2,6127.974,13.123438,264.556,3471.8592,29.8516
2,6128.974,13.123828,261.844,3436.6464,29.8516
2,6129.974,13.123438,264.804,3475.1488,29.8516
2,6130.974,13.123633,264.444,3470.4768,29.8594
2,6131.974,13.123633,265.068,3478.6816,29.8594
2,6132.974,13.123633,264.0,3464.64,29.8594
2,6133.974,13.123633,265.448,3483.6736,29.8594
2,6134.974,13.123828,264.276,3468.3008,29.8594
2,6135.974,13.123633,263.44,3457.28,29.8672
2,6136.974,13.123828,264.212,3467.4816,29.8672
2,6137.974,13.123828,263.608,3459.5456,29.8672
2,6138.974,13.123438,259.244,3402.176,29.8672
2,6139.974,13.123242,259.468,3405.0432,29.8594
2,6140.974,13.123438,261.344,3429.7344,29.8594
2,6141.974,13.123633,262.816,3449.088,29.8672
2,6142.974,13.123438,261.344,3429.696,29.8672
2,6143.974,13.123242,263.376,3456.3456,29.875
2,6144.974,13.123438,258.224,3388.7488,29.8672
2,6145.974,13.123438,261.796,3435.6736,29.875
2,6146.974,13.123438,263.44,3457.28,29.8828
2,6147.974,13.123242,258.02,3386.368,29.875
2,6148.974,13.123438,262.244,3441.5488,29.8828
2,6149.974,13.123633,262.996,3451.4944,29.875
2,6150.974,13.123242,257.772,3382.7968,29.8828
2,6151.974,13.123633,255.604,3405.5424,29.8828
2,6152.974,13.123047,251.972,3306.6368,29.8828
2,6153.974,13.123242,258.548,3392.9856,29.8828
2,6154.974,13.122852,258.092,3386.9056,29.8828
2,6155.974,13.122266,245.944,3227.3664,29.8828
2,6156.974,13.122461,249.772,3277.6448,29.8828
2,6157.974,13.12207,250.188,3282.9824,29.8906
2,6158.974,13.122266,252.408,3312.1664,29.8828
2,6159.974,13.121875,251.1,3294.848,29.8828
2,6160.974,13.122461,257.276,3376.1152,29.8906
2,6161.974,13.122266,254.84,3344.0768,29.8906
2,6162.974,13.122266,254.628,3341.248,29.8906
2,6163.974,13.122656,257.832,3383.4112,29.8906
2,6164.974,13.122461,254.304,3337.1008,29.8984
2,6165.974,13.122461,257.74,3382.1568,29.8906
2,6166.974,13.122656,259.044,3399.3344,29.8906
2,6167.974,13.122461,257.568,3379.9296,29.8906
2,6168.974,13.122266,258.004,3385.6,29.8906
2,6169.974,13.123047,259.524,3405.7216,29.8828
2,6170.974,13.122461,255.928,3358.6944,29.8828
2,6171.974,13.123047,258.676,3394.5856,29.8906
2,6172.974,13.123047,259.98,3411.6864,29.8906
2,6173.974,13.122852,258.56,3393.0624,29.8828
2,6174.974,13.122852,259.328,3403.0976,29.8828
2,6175.974,13.122461,256.176,3361.6512,29.8828
2,6176.974,13.122656,257.716,3381.9136,29.8828
2,6177.974,13.122656,258.696,3394.7648,29.875
2,6178.974,13.122852,258.756,3395.5968,29.875
2,6179.974,13.122656,257.136,3374.3104,29.875
2,6180.97,13.122656,257.7,3381.6704,29.8828
2,6181.97,13.122852,257.604,3380.5056,29.8828
2,6182.97,13.122266,250.252,3284.096,29.8828
2,6183.97,13.12207,252.092,3307.968,29.8828
2,6184.97,13.122266,250.252,3283.84,29.8906
2,6185.97,13.121875,249.088,3268.5312,29.8906
2,6186.97,13.12168,247.428,3246.656,29.8906
2,6187.97,13.121094,238.684,3131.8272,29.8906
2,6188.97,13.120313,237.04,3110.0672,29.8828
2,6189.97,13.120313,239.456,3141.7216,29.8906
2,6190.97,13.120313,241.508,3168.6656,29.8906
2,6191.97,13.120313,241.9,3173.824,29.8906
2,6192.97,13.121484,255.364,3350.7328,29.8906
2,6193.97,13.121484,255.908,3357.888,29.8906
2,6194.97,13.12168,254.588,3340.5824,29.8906
2,6195.97,13.121484,252.456,3312.8576,29.8906
2,6196.97,13.12168,255.148,3347.9808,29.8906
2,6197.97,13.121484,252.652,3315.1488,29.8984
2,6198.97,13.121484,252.852,3317.7472,29.8984
2,6199.97,13.121094,245.884,3226.56,29.8984
2,6200.97,13.120117,234.508,3076.7744,29.8984
2,6201.97,13.120313,241.82,3172.7616,29.8984
2,6202.97,13.120898,249.652,3275.648,29.8984
2,6203.97,13.120508,243.356,3192.9344,29.8984
2,6204.97,13.120508,245.8,3225.0368,29.8984
2,6205.97,13.120898,250.608,3288.448,29.8984
2,6206.97,13.120703,250.696,3289.2672,29.8984
2,6207.97,13.121094,253.104,3321.024,29.8984
2,6208.97,13.121484,255.368,3350.8096,29.8984
2,6209.97,13.120898,253.792,3330.0096,29.8906
2,6210.97,13.121289,254.436,3338.5344,29.8906
2,6211.97,13.121289,255.648,3354.4448,29.8906
2,6212.97,13.12168,254.292,3336.6912,29.8906
2,6213.97,13.121289,255.472,3352.1152,29.8906
2,6214.97,13.121289,254.332,3337.1648,29.8984
2,6215.97,13.121484,254.532,3339.8144,29.8984
2,6216.97,13.12168,255.808,3356.6208,29.8984
2,6217.97,13.121484,255.284,3349.7088,29.8984
2,6218.97,13.121484,255.228,3348.992,29.8984
2,6219.97,13.12168,254.188,3335.3728,29.8984
2,6220.97,13.12207,256.36,3363.9808,29.9063
2,6221.97,13.12168,255.9,3357.8112,29.8984
2,6222.97,13.12207,256.912,3371.2,29.9063
2,6223.97,13.12168,256.072,3360.0896,29.9063
2,6224.97,13.12168,251.272,3297.3696,29.9063
2,6225.97,13.12207,256.208,3361.9968,29.9063
2,6226.97,13.120508,240.592,3156.7232,29.8984
2,6227.97,13.12168,254.852,3344.0768,29.9063
2,6228.97,13.121875,254.74,3342.6688,29.9063
2,6229.97,13.121875,256.532,3366.1568,29.8984
2,6230.97,13.12168,253.34,3324.224,29.9063
2,6231.97,13.121875,257.22,3375.1936,29.9141
2,6232.97,13.12207,256.428,3364.8256,29.9141
2,6233.97,13.12207,256.964,3371.8656,29.9063
2,6234.97,13.121875,256.992,3372.224,29.9063
2,6235.97,13.121875,255.784,3356.3264,29.9063
2,6236.97,13.12168,252.744,3316.6592,29.9063
2,6237.97,13.121875,253.044,3320.64,29.9063
2,6238.97,13.12168,255.092,3347.2256,29.9141
2,6239.97,13.12168,252.496,3313.1776,29.9141
2,6240.966,13.12168,253.832,3330.7392,29.9141
2,6241.966,13.121875,253.016,3320.0128,29.9141
2,6242.966,13.12207,257.376,3377.2928,29.9141
2,6243.966,13.122266,258.612,3393.536,29.9141
2,6244.966,13.121875,257.948,3384.7808,29.9219
2,6245.966,13.122266,258.132,3387.2768,29.9141
2,6246.966,13.122461,258.704,3394.8032,29.9141
2,6247.966,13.122461,257.424,3378.0736,29.9141
2,6248.966,13.12207,256.972,3372.0192,29.9141
2,6249.966,13.122461,258.076,3386.56,29.9141
2,6250.966,13.122461,257.248,3375.7184,29.9063
2,6251.966,13.122266,256.372,3364.1344,29.9141
2,6252.966,13.12207,258.16,3323.0848,29.9141
2,6253.966,13.122461,256.724,3368.8576,29.9141
2,6254.966,13.122461,258.22,3388.48,29.9141
2,6255.966,13.122461,257.912,3384.448,29.9063
2,6256.966,13.122461,257.284,3376.2176,29.9141
2,6257.966,13.122461,258.432,3391.2576,29.9219
2,6258.966,13.122656,258.336,3390.0032,29.9219
2,6259.966,13.122266,255.052,3346.8416,29.9219
2,6260.966,13.122656,254.776,3343.3088,29.9219
2,6261.966,13.122656,258.904,3397.5168,29.9219
2,6262.966,13.122656,258.04,3386.1888,29.9219
2,6263.966,13.122656,258.844,3396.7104,29.9297
2,6264.966,13.122852,259.068,3399.68,29.9297
2,6265.966,13.122656,256.332,3363.7504,29.9297
2,6266.966,13.122461,255.664,3354.9056,29.9297
2,6267.966,13.122461,256.012,3359.488,29.9297
2,6268.966,13.122266,253.456,3325.9264,29.9375
2,6269.966,13.122656,255.208,3348.9792,29.9375
2,6270.966,13.12207,252.652,3315.3152,29.9375
2,6271.966,13.12207,249.12,3268.992,29.9453
2,6272.966,13.121484,250.308,3284.4288,29.9453
2,6273.966,13.121484,246.144,3230.0288,29.9453
2,6274.966,13.121094,243.136,3190.208,29.9375
2,6275.966,13.121484,249.2,3269.8496,29.9453
2,6276.966,13.121484,249.464,3273.3568,29.9453
2,6277.966,13.121289,245.204,3217.3824,29.9453
2,6278.966,13.121289,245.328,3218.9952,29.9531
2,6279.966,13.120508,241.556,3169.3184,29.9453
2,6280.966,13.120313,240.936,3161.1264,29.9453
2,6281.966,13.120508,244.456,3207.3728,29.9531
2,6282.966,13.120898,248.5,3260.5056,29.9531
2,6283.966,13.121094,249.724,3276.6208,29.9531
2,6284.966,13.121094,250.772,3290.3936,29.9531
2,6285.966,13.120508,242.744,3184.8832,29.9531
2,6286.966,13.120313,242.128,3176.768,29.9531
2,6287.966,13.120508,243.852,3199.4624,29.9531
2,6288.966,13.120117,242.076,3176.064,29.9531
2,6289.966,13.120313,245.14,3216.32,29.9531
2,6290.966,13.120313,246.544,3234.7008,29.9531
2,6291.966,13.120508,249.712,3276.3008,29.9531
2,6292.966,13.120508,249.84,3278.0544,29.9531
2,6293.966,13.120117,244.372,3206.1568,29.9531
2,6294.966,13.119922,241.004,3161.92,29.9453
2,6295.966,13.119727,235.604,3091.712,29.9531
2,6296.966,13.119922,244.936,3213.5552,29.9531
2,6297.966,13.120313,246.984,3240.4992,29.9531
2,6298.966,13.120117,248.432,3259.4304,29.9531
2,6299.966,13.120313,249.364,3271.7184,29.9531
2,6300.962,13.120703,252.184,3308.8128,29.9531
2,6301.962,13.120898,253.096,3320.832,29.9531
2,6302.962,13.120508,248.112,3255.3344,29.9531
2,6303.962,13.120703,252.736,3316.0448,29.9531
2,6304.962,13.121094,255.888,3357.5296,29.9531
2,6305.962,13.121094,252.4,3311.7312,29.9609
2,6306.962,13.120508,244.912,3213.3504,29.9609
2,6307.962,13.120117,245.936,3226.688,29.9609
2,6308.962,13.120898,251.9,3305.1392,29.9609
2,6309.962,13.120508,248.292,3257.7408,29.9531
2,6310.962,13.120313,244.316,3205.4656,29.9609
2,6311.962,13.120703,250.936,3292.4544,29.9609
2,6312.962,13.120508,247.772,3250.8928,29.9609
2,6313.962,13.120703,247.724,3250.3168,29.9609
2,6314.962,13.120508,246.54,3234.7136,29.9609
2,6315.962,13.120703,247.6,3248.64,29.9688
2,6316.962,13.120117,243.748,3197.9904,29.9688
2,6317.962,13.119922,244.544,3208.4096,29.9609
2,6318.962,13.119727,242.304,3178.9568,29.9609
2,6319.962,13.119336,240.604,3156.544,29.9688
2,6320.962,13.119336,238.7,3131.5712,29.9688
2,6321.962,13.119336,236.668,3104.8832,29.9688
2,6322.962,13.11875,236.452,3101.9392,29.9688
2,6323.962,13.118945,239.996,3148.5184,29.9766
2,6324.962,13.11875,237.36,3113.8432,29.9766
2,6325.962,13.118359,236.128,3097.6384,29.9766
2,6326.962,13.118359,236.864,3107.2896,29.9766
2,6327.962,13.118555,233.2,3059.2256,29.9766
2,6328.962,13.118359,237.58,3116.6592,29.9766
2,6329.962,13.118164,237.62,3117.1072,29.9766
2,6330.962,13.117969,233.92,3068.5952,29.9844
2,6331.962,13.117773,233.212,3059.2256,29.9844
2,6332.962,13.117773,230.8,3027.5968,29.9844
2,6333.962,13.117969,236.24,3098.9824,29.9844
2,6334.962,13.117773,235.372,3087.5264,29.9844
2,6335.962,13.117383,231.696,3039.2192,29.9922
2,6336.962,13.117578,234.2,3072.1408,29.9922
2,6337.962,13.117188,233.096,3057.5616,29.9922
2,6338.962,13.117383,235.372,3087.4624,30.0
2,6339.962,13.117578,239.892,3146.7776,30.0
2,6340.962,13.117969,244.28,3204.4544,30.0
2,6341.962,13.117969,241.548,3168.6144,30.0
2,6342.962,13.117969,242.98,3187.3792,30.0
2,6343.962,13.118359,241.84,3172.544,30.0
2,6344.962,13.118555,247.864,3251.6096,30.0078
2,6345.962,13.118555,245.764,3224.0896,30.0156
2,6346.962,13.11875,245.308,3218.112,30.0156
2,6347.962,13.118359,243.668,3196.544,30.0078
2,6348.962,13.118945,248.496,3260.0064,30.0156
2,6349.962,13.11875,245.724,3223.5904,30.0156
2,6350.962,13.119141,251.76,3302.848,30.0234
2,6351.962,13.118945,248.26,3256.896,30.0234
2,6352.962,13.11875,247.44,3246.1184,30.0234
2,6353.962,13.11875,246.096,3158.9504,30.0234
2,6354.962,13.118555,244.244,3204.1344,30.0234
2,6355.962,13.11875,245.14,3215.8976,30.0234
2,6356.962,13.119141,246.156,3229.312,30.0234
2,6357.962,13.119141,245.984,3227.0976,30.0234
2,6358.962,13.118555,244.496,3207.4368,30.0313
2,6359.962,13.118945,244.752,3210.8416,30.0391
2,6360.958,13.11875,245.304,3218.0736,30.0391
2,6361.958,13.118555,244.772,3211.072,30.0391
2,6362.958,13.11875,245.316,3218.2016,30.0313
2,6363.958,13.118359,239.412,3140.6976,30.0391
2,6364.958,13.118359,240.652,3156.9664,30.0469
2,6365.958,13.118359,241.124,3163.136,30.0469
2,6366.958,13.117773,234.944,3081.9584,30.0469
2,6367.958,13.117578,232.92,3055.3088,30.0469
2,6368.958,13.117773,238.536,3129.0752,30.0469
2,6369.958,13.117188,233.904,3068.16,30.0547
2,6370.958,13.117969,242.948,3186.9824,30.0547
2,6371.958,13.117969,239.144,3137.3696,30.0547
2,6372.958,13.117773,237.792,3119.6288,30.0625
2,6373.958,13.118555,244.972,3213.6448,30.0625
2,6374.958,13.118359,243.772,3197.9264,30.0547
2,6375.958,13.117969,243.64,3196.0576,30.0625
2,6376.958,13.11875,248.66,3262.1184,30.0703
2,6377.958,13.118555,244.3,3204.8384,30.0703
2,6378.958,13.11875,248.044,3254.016,30.0703
2,6379.958,13.11875,245.98,3226.944,30.0781
2,6380.958,13.118359,243.88,3199.296,30.0781
2,6381.958,13.118164,238.368,3126.9632,30.0781
2,6382.958,13.118555,247.328,3244.5824,30.0859
2,6383.958,13.118359,243.292,3191.5904,30.0859
2,6384.958,13.117969,237.864,3120.256,30.0859
2,6385.958,13.117969,239.1,3136.4992,30.0859
2,6386.958,13.117773,238.94,3134.3744,30.0859
2,6387.958,13.117578,235.404,3087.8976,30.0938
2,6388.958,13.117383,235.464,3088.6272,30.1016
2,6389.958,13.116992,231.296,3034.0992,30.0938
2,6390.958,13.116602,219.072,2873.6768,30.1016
2,6391.958,13.116016,220.4,2890.7776,30.1016
2,6392.958,13.11543,220.476,2891.6352,30.1016
2,6393.958,13.11543,219.324,2876.5056,30.1016
2,6394.958,13.115234,223.184,2927.1296,30.1094
2,6395.958,13.115039,222.236,2914.6112,30.1172
2,6396.958,13.114844,219.972,2884.8768,30.1172
2,6397.958,13.114844,224.312,2941.8112,30.125
2,6398.958,13.115039,224.74,2947.456,30.1328
2,6399.958,13.114844,225.692,2959.9104,30.1406
2,6400.958,13.114844,223.624,2932.7872,30.1484
2,6401.958,13.114844,224.72,2947.1488,30.1563
2,6402.958,13.114453,221.812,2908.9408,30.1641
2,6403.958,13.114063,220.9,2896.9216,30.1719
2,6404.958,13.113281,209.256,2743.9872,30.1719
2,6405.958,13.112891,209.412,2746.0224,30.1875
2,6406.958,13.112891,209.132,2742.2976,30.1953
2,6407.958,13.1125,208.448,2733.2864,30.1953
2,6408.958,13.1125,211.452,2772.9152,30.2031
2,6409.958,13.112109,208.152,2729.4976,30.2109
2,6410.958,13.112109,211.436,2772.3648,30.2109
2,6411.958,13.112109,213.84,2803.8656,30.2188
2,6412.958,13.111719,211.956,2779.136,30.2266
2,6413.958,13.111719,210.84,2764.736,30.2266
2,6414.958,13.111914,217.464,2851.3664,30.2344
2,6415.958,13.111719,215.532,2825.9712,30.25
2,6416.958,13.111523,215.024,2819.3024,30.25
2,6417.958,13.111914,219.288,2875.2896,30.2578
2,6418.958,13.111719,216.348,2836.6848,30.2656
2,6419.958,13.111719,217.468,2851.3536,30.2656
2,6420.954,13.111914,219.38,2876.5056,30.2734
2,6421.954,13.111719,218.348,2862.8864,30.2813
2,6422.954,13.111523,215.516,2825.7536,30.2891
2,6423.954,13.111133,207.56,2721.3312,30.2969
2,6424.954,13.110742,207.82,2724.6336,30.3047
2,6425.954,13.110938,212.812,2790.1568,30.3125
2,6426.954,13.110352,207.672,2722.9824,30.3125
2,6427.954,13.110156,203.324,2665.856,30.3203
2,6428.954,13.110352,212.656,2787.9552,30.3281
2,6429.954,13.109375,199.476,2614.9632,30.3281
2,6430.954,13.108789,198.308,2599.5648,30.3359
2,6431.954,13.109375,208.052,2727.744,30.3516
2,6432.954,13.108789,196.656,2577.9072,30.3594
2,6433.954,13.108984,207.328,2717.8368,30.3672
2,6434.954,13.108984,209.544,2746.9056,30.3672
2,6435.954,13.108398,203.084,2662.1312,30.3672
2,6436.954,13.108594,204.32,2678.3744,30.375
2,6437.954,13.108398,204.924,2686.1952,30.3828
2,6438.954,13.108398,204.58,2681.7152,30.3906
2,6439.954,13.108008,199.712,2617.8176,30.3984
2,6440.954,13.107813,204.096,2675.264,30.3984
2,6441.954,13.108398,209.044,2740.2112,30.4063
2,6442.954,13.107422,197.928,2594.5216,30.4141
2,6443.954,13.107422,203.796,2671.2704,30.4219
2,6444.954,13.107227,201.52,2641.3312,30.4297
2,6445.954,13.107031,203.636,2669.2352,30.4375
2,6446.954,13.107031,201.58,2642.0736,30.4375
2,6447.954,13.107031,205.444,2692.7744,30.4453
2,6448.954,13.107031,202.732,2657.2544,30.4531
2,6449.954,13.106641,197.312,2586.0864,30.4531
2,6450.954,13.106445,199.452,2614.1056,30.4609
2,6451.954,13.106445,201.26,2637.7984,30.4688
2,6452.954,13.10625,198.724,2604.5184,30.4766
2,6453.954,13.106445,202.74,2657.152,30.4844
2,6454.954,13.106445,201.292,2647.0656,30.5
2,6455.954,13.10625,202.936,2659.7376,30.5
2,6456.954,13.106445,205.452,2692.7616,30.5156
2,6457.954,13.10625,206.588,2707.584,30.5234
2,6458.954,13.106641,208.724,2735.68,30.5313
2,6459.954,13.106641,206.888,2711.5648,30.5391
2,6460.954,13.106445,207.052,2713.7152,30.5391
2,6461.954,13.106641,208.892,2737.856,30.5547
2,6462.954,13.10625,203.984,2673.4592,30.5625
2,6463.954,13.10625,203.196,2663.104,30.5781
2,6464.954,13.106445,209.784,2749.5168,30.5859
2,6465.954,13.106445,210.132,2754.0992,30.5938
2,6466.954,13.10625,207.16,2715.0976,30.6016
2,6467.954,13.105859,201.212,2637.0816,30.6172
2,6468.954,13.106055,202.068,2648.3072,30.625
2,6469.954,13.105664,204.912,2685.5296,30.6406
2,6470.954,13.105664,202.792,2657.7152,30.6484
2,6471.954,13.105273,197.48,2588.0064,30.6484
2,6472.954,13.104883,195.3,2559.3344,30.6563
2,6473.954,13.104688,197.296,2585.4976,30.6641
2,6474.954,13.104492,197.916,2593.5744,30.6641
2,6475.954,13.105859,213.308,2795.6096,30.6719
2,6476.954,13.105859,213.244,2794.7008,30.6797
2,6477.954,13.105273,203.276,2664.0,30.6875
2,6478.954,13.105664,211.244,2768.4864,30.6953
2,6479.954,13.105859,213.812,2802.176,30.6953
2,6480.95,13.106055,211.472,2771.5712,30.7031
2,6481.95,13.105859,206.828,2710.848,30.7109
2,6482.95,13.106055,208.64,2734.4512,30.7188
2,6483.95,13.105859,206.936,2712.0512,30.7188
2,6484.95,13.105273,202.144,2649.1392,30.7266
2,6485.95,13.104688,196.036,2569.2416,30.7344
2,6486.95,13.104297,197.152,2583.5264,30.7422
2,6487.95,13.104883,201.616,2642.1248,30.7422
2,6488.95,13.104492,200.768,2630.9376,30.75
2,6489.95,13.104102,196.0,2568.3968,30.7578
2,6490.95,13.103711,196.284,2572.0448,30.7656
2,6491.95,13.104688,205.776,2696.6016,30.7656
2,6492.95,13.104883,209.544,2746.0736,30.7734
2,6493.95,13.104102,196.464,2574.4896,30.7813
2,6494.95,13.104102,197.376,2586.4064,30.7813
2,6495.95,13.104102,201.832,2644.8128,30.7891
2,6496.95,13.104102,202.216,2649.8176,30.7969
2,6497.95,13.104102,203.776,2670.336,30.8047
2,6498.95,13.103906,196.956,2580.8896,30.8125
2,6499.95,13.104102,205.804,2696.8704,30.8203
2,6500.95,13.103906,200.332,2625.152,30.8281
2,6501.95,13.103906,199.468,2613.7728,30.8281
2,6502.95,13.104883,217.86,2855.0144,30.8281
2,6503.95,13.104883,214.468,2810.5728,30.8359
2,6504.95,13.104688,211.508,2772.0576,30.8438
2,6505.95,13.104297,200.596,2628.672,30.8516
2,6506.95,13.103906,199.852,2618.816,30.8516
2,6507.95,13.103711,200.06,2621.504,30.8594
2,6508.95,13.103516,202.88,2658.4576,30.8594
2,6509.95,13.103516,198.968,2607.168,30.8672
2,6510.95,13.103516,199.516,2614.6432,30.875
2,6511.95,13.103125,194.088,2543.1168,30.875
2,6512.95,13.102734,193.024,2529.1776,30.8828
2,6513.95,13.102539,194.272,2545.4976,30.8906
2,6514.95,13.102734,196.692,2577.1776,30.8906
2,6515.95,13.102539,193.2,2531.4176,30.8906
2,6516.95,13.102344,194.976,2554.6368,30.8984
2,6517.95,13.102734,205.068,2686.9376,30.9063
2,6518.95,13.10293,201.632,2641.9456,30.9141
2,6519.95,13.102344,194.124,2543.5136,30.9141
2,6520.95,13.102734,206.56,2706.4832,30.9141
2,6521.95,13.102734,197.04,2581.7856,30.9219
2,6522.95,13.102539,197.6,2589.0432,30.9297
2,6523.95,13.102148,197.684,2590.1056,30.9297
2,6524.95,13.102148,197.16,2583.2064,30.9375
2,6525.95,13.101758,194.412,2547.1488,30.9375
2,6526.95,13.101563,190.72,2498.7136,30.9453
2,6527.95,13.101367,193.436,2534.4256,30.9453
2,6528.95,13.101563,194.076,2542.656,30.9531
2,6529.95,13.102148,203.876,2671.2448,30.9609
2,6530.95,13.101758,198.108,2595.5712,30.9609
2,6531.95,13.103125,214.604,2811.9808,30.9688
2,6532.95,13.102148,200.18,2622.7968,30.9609
2,6533.95,13.102344,204.236,2675.9808,30.9609
2,6534.95,13.10293,212.324,2782.0288,30.9531
2,6535.95,13.101953,200.428,2625.984,30.9531
2,6536.95,13.101758,194.132,2543.488,30.9531
2,6537.95,13.101563,193.068,2529.472,30.9531
2,6538.95,13.101758,197.084,2582.1312,30.9531
2,6539.95,13.100977,193.344,2533.2864,30.9531
2,6540.946,13.101563,196.948,2580.5568,30.9531
2,6541.946,13.102148,206.676,2707.8912,30.9453
2,6542.946,13.101563,197.264,2584.4224,30.9453
2,6543.946,13.101758,200.08,2621.3888,30.9453
2,6544.946,13.101563,197.992,2593.9584,30.9453
2,6545.946,13.101367,199.22,2610.0352,30.9453
2,6546.946,13.101953,201.06,2634.5472,30.9375
2,6547.946,13.101953,207.468,2718.2464,30.9375
2,6548.946,13.102344,211.664,2773.2992,30.9375
2,6549.946,13.102539,209.776,2748.5952,30.9375
2,6550.946,13.102734,208.084,2726.464,30.9297
2,6551.946,13.102539,211.296,2768.5248,30.9297
2,6552.946,13.10293,214.992,2817.0368,30.9297
2,6553.946,13.102734,207.116,2713.7664,30.9297
2,6554.946,13.103125,213.18,2793.3184,30.9219
2,6555.946,13.103711,218.9,2868.608,30.9219
2,6556.946,13.104102,222.464,2915.1872,30.9219
2,6557.946,13.104688,223.824,2933.184,30.9219
2,6558.946,13.104883,226.568,2969.4208,30.9219
2,6559.946,13.105469,231.664,3036.032,30.9141
2,6560.946,13.105859,233.036,3054.1568,30.9141
2,6561.946,13.106445,235.832,3090.8928,30.9141
2,6562.946,13.10625,228.668,2997.184,30.9063
2,6563.946,13.10625,223.648,2931.1872,30.9063
2,6564.946,13.105859,220.608,2891.2768,30.9063
2,6565.946,13.104883,211.216,2767.9488,30.9063
2,6566.946,13.104883,212.76,2788.224,30.8984
2,6567.946,13.104688,209.152,2740.8896,30.8984
2,6568.946,13.104297,209.06,2739.584,30.8984
2,6569.946,13.104688,212.572,2785.6768,30.8906
2,6570.946,13.104102,208.244,2728.8704,30.8906
2,6571.946,13.104688,215.712,2826.816,30.8906
2,6572.946,13.105078,218.828,2867.7376,30.8828
2,6573.946,13.105078,221.488,2902.6048,30.8828
2,6574.946,13.105469,226.58,2969.4464,30.875
2,6575.946,13.105664,222.82,2920.2176,30.875
2,6576.946,13.105469,219.02,2870.656,30.875
2,6577.946,13.105859,222.104,2910.8608,30.8672
2,6578.946,13.105859,223.02,2922.8928,30.8672
2,6579.946,13.105664,215.712,2827.0336,30.8672
2,6580.946,13.105469,217.5,2850.7648,30.8594
2,6581.946,13.105859,219.564,2877.5296,30.8594
2,6582.946,13.105469,217.148,2845.8496,30.8594
2,6583.946,13.105273,212.32,2782.4896,30.8516
2,6584.946,13.105273,212.068,2779.2128,30.8516
2,6585.946,13.104492,205.212,2689.216,30.8516
2,6586.946,13.104883,211.428,2770.7264,30.8516
2,6587.946,13.103906,200.752,2630.656,30.8438
2,6588.946,13.104688,213.272,2794.88,30.8438
2,6589.946,13.104688,210.688,2760.9472,30.8359
2,6590.946,13.103516,202.152,2648.9216,30.8359
2,6591.946,13.104688,219.992,2882.8928,30.8359
2,6592.946,13.104102,204.356,2677.9264,30.8281
2,6593.946,13.104102,206.4,2704.6912,30.8281
2,6594.946,13.103516,203.216,2662.8224,30.8203
2,6595.946,13.104297,213.784,2801.4976,30.8203
2,6596.946,13.104102,210.396,2757.0304,30.8203
2,6597.946,13.104492,212.852,2789.312,30.8125
2,6598.946,13.103516,198.276,2598.0672,30.8047
2,6599.946,13.103516,206.076,2700.4928,30.7969
2,6600.942,13.10293,197.756,2591.2064,30.7969
2,6601.942,13.10332,205.076,2687.1552,30.7969
2,6602.942,13.102344,191.364,2507.2896,30.7891
2,6603.942,13.103125,204.852,2684.2112,30.7891
2,6604.942,13.102344,198.232,2597.2992,30.7891
2,6605.942,13.102539,202.36,2651.392,30.7891
2,6606.942,13.102734,201.664,2642.3168,30.7813
2,6607.942,13.101563,193.332,2532.928,30.7813
2,6608.942,13.102148,201.204,2636.1984,30.7813
2,6609.942,13.101953,198.896,2605.9264,30.7734
2,6610.942,13.101953,199.56,2614.6176,30.7734
2,6611.942,13.101563,194.052,2542.3744,30.7734
2,6612.942,13.102344,207.456,2718.1696,30.7656
2,6613.942,13.10293,212.416,2783.2576,30.7656
2,6614.942,13.102734,206.816,2709.888,30.7656
2,6615.942,13.103711,218.74,2866.2912,30.7578
2,6616.942,13.103711,215.828,2828.1472,30.7578
2,6617.942,13.102344,193.776,2539.1616,30.7578
2,6618.942,13.10293,209.592,2746.2656,30.7578
2,6619.942,13.102734,207.828,2723.136,30.75
2,6620.942,13.101953,195.072,2555.8016,30.75
2,6621.942,13.101172,189.484,2482.4832,30.75
2,6622.942,13.101758,199.932,2619.4432,30.75
2,6623.942,13.101367,193.492,2535.0144,30.7422
2,6624.942,13.101172,195.564,2562.1376,30.7422
2,6625.942,13.101953,207.616,2720.1792,30.7422
2,6626.942,13.101953,204.312,2676.8768,30.7344
2,6627.942,13.102734,216.664,2838.8608,30.7344
2,6628.942,13.101172,194.252,2544.9088,30.7344
2,6629.942,13.100977,194.812,2552.2176,30.7344
2,6630.942,13.101758,203.68,2668.5696,30.7344
2,6631.942,13.101367,200.844,2631.3472,30.7266
2,6632.942,13.100781,193.676,2537.4976,30.7266
2,6633.942,13.101563,204.784,2682.9568,30.7266
2,6634.942,13.101953,206.916,2710.9888,30.7188
2,6635.942,13.101367,200.272,2623.8336,30.7188
2,6636.942,13.102344,210.268,2754.9696,30.7188
2,6637.942,13.102148,211.568,2772.0192,30.7188
2,6638.942,13.102344,208.376,2730.1888,30.7109
2,6639.942,13.102148,204.064,2673.9712,30.7109
2,6640.942,13.101953,205.572,2693.4144,30.7031
2,6641.942,13.101758,202.356,2651.2384,30.7031
2,6642.942,13.101172,197.532,2587.8784,30.7031
2,6643.942,13.100977,193.508,2535.1424,30.7031
2,6644.942,13.100781,195.884,2566.2208,30.7031
2,6645.942,13.100391,195.628,2562.816,30.7031
2,6646.942,13.100391,193.524,2535.2064,30.6953
2,6647.942,13.099805,187.728,2459.2,30.6953
2,6648.942,13.099805,191.9,2513.8432,30.6953
2,6649.942,13.099805,188.496,2469.2608,30.6953
2,6650.942,13.099219,189.66,2484.4032,30.6875
2,6651.942,13.099023,188.34,2467.0976,30.6875
2,6652.942,13.099414,193.588,2535.8848,30.6875
2,6653.942,13.098828,189.176,2478.0032,30.6875
2,6654.942,13.100195,199.952,2619.4048,30.6797
2,6655.942,13.100781,206.4,2704.0,30.6719
2,6656.942,13.100195,200.036,2620.544,30.6719
2,6657.942,13.1,193.212,2531.264,30.6719
2,6658.942,13.099219,188.656,2471.232,30.6719
2,6659.942,13.099805,194.86,2552.9088,30.6719
2,6660.938,13.099219,191.528,2508.8384,30.6719
2,6661.938,13.1,201.212,2635.8528,30.6719
2,6662.938,13.100391,207.088,2712.96,30.6641
2,6663.938,13.100391,202.708,2655.5648,30.6641
2,6664.938,13.1,197.9,2592.4608,30.6641
2,6665.938,13.1,198.368,2598.6304,30.6641
2,6666.938,13.100195,201.244,2636.3136,30.6563
2,6667.938,13.100195,202.424,2651.8144,30.6563
2,6668.938,13.100391,203.248,2662.6304,30.6563
2,6669.938,13.100391,203.82,2670.1312,30.6563
2,6670.938,13.100195,202.056,2646.976,30.6484
2,6671.938,13.1,199.692,2615.9872,30.6484
2,6672.938,13.099609,192.896,2526.8608,30.6484
2,6673.938,13.099609,192.24,2518.2336,30.6484
2,6674.938,13.099219,190.256,2492.4288,30.6484
2,6675.938,13.099219,191.124,2503.5648,30.6484
2,6676.938,13.099219,194.104,2542.592,30.6484
2,6677.938,13.098828,190.444,2494.592,30.6406
2,6678.938,13.098438,188.68,2471.3984,30.6406
2,6679.938,13.098633,192.868,2526.272,30.6406
2,6680.938,13.098828,198.192,2596.096,30.6406
2,6681.938,13.098828,195.064,2555.136,30.6328
2,6682.938,13.099023,197.292,2584.2944,30.6328
2,6683.938,13.099609,204.408,2677.6704,30.6328
2,6684.938,13.099805,204.408,2677.7216,30.6328
2,6685.938,13.099414,199.764,2616.8064,30.6328
2,6686.938,13.099805,201.976,2645.8624,30.625
2,6687.938,13.099609,201.36,2637.7216,30.6172
2,6688.938,13.099414,202.408,2651.4304,30.6172
2,6689.938,13.099219,197.868,2591.9104,30.6172
2,6690.938,13.099805,204.296,2676.224,30.6172
2,6691.938,13.099023,194.844,2552.2944,30.6094
2,6692.938,13.099414,196.528,2574.3872,30.6172
2,6693.938,13.099414,197.612,2588.6208,30.6094
2,6694.938,13.099023,193.34,2532.5568,30.6094
2,6695.938,13.099023,196.432,2573.0432,30.6094
2,6696.938,13.098438,191.676,2510.656,30.6094
2,6697.938,13.099219,198.38,2598.6432,30.6016
2,6698.938,13.098633,194.568,2548.5696,30.6016
2,6699.938,13.098633,193.66,2536.6784,30.6016
2,6700.938,13.099023,199.252,2609.984,30.6016
2,6701.938,13.099414,207.56,2718.8992,30.6016
2,6702.938,13.100781,219.004,2869.0816,30.5938
2,6703.938,13.101172,220.668,2890.9824,30.5859
2,6704.938,13.101758,226.704,2970.2272,30.5859
2,6705.938,13.102344,227.832,2985.1136,30.5859
2,6706.938,13.102539,224.436,2940.6464,30.5859
2,6707.938,13.10293,228.572,2994.9568,30.5859
2,6708.938,13.103125,226.136,2963.1104,30.5859
2,6709.938,13.102734,220.652,2891.1616,30.5859
2,6710.938,13.10332,224.192,2937.664,30.5859
2,6711.938,13.10332,224.156,2937.1904,30.5781
2,6712.938,13.10293,217.896,2855.04,30.5781
2,6713.938,13.103125,221.332,2900.1088,30.5703
2,6714.938,13.102539,208.48,2731.6224,30.5625
2,6715.938,13.102539,212.268,2781.2608,30.5625
2,6716.938,13.102148,209.024,2738.8928,30.5547
2,6717.938,13.102148,208.16,2727.4496,30.5547
2,6718.938,13.103125,220.04,2883.2128,30.5469
2,6719.938,13.10293,215.96,2829.7088,30.5469
2,6720.934,13.102734,212.372,2782.6048,30.5469
2,6721.934,13.103125,217.788,2853.7088,30.5469
2,6722.934,13.103125,215.448,2823.04,30.5469
2,6723.934,13.10293,210.272,2755.1616,30.5469
2,6724.934,13.103125,214.764,2814.0672,30.5469
2,6725.934,13.10293,215.612,2825.1648,30.5469
2,6726.934,13.103125,215.468,2823.2704,30.5469
2,6727.934,13.103125,215.256,2820.5056,30.5391
2,6728.934,13.103125,212.468,2783.9744,30.5391
2,6729.934,13.10293,212.94,2790.1312,30.5391
2,6730.934,13.103125,215.176,2819.456,30.5313
2,6731.934,13.103711,221.664,2904.576,30.5313
2,6732.934,13.103516,217.848,2854.5664,30.5391
2,6733.934,13.103906,219.5,2876.3008,30.5313
2,6734.934,13.103906,217.384,2849.024,30.5313
2,6735.934,13.104492,222.912,2921.1264,30.5313
2,6736.934,13.103906,219.684,2878.7072,30.5234
2,6737.934,13.104297,222.964,2915.6096,30.5234
2,6738.934,13.104492,222.86,2920.448,30.5234
2,6739.934,13.104297,217.784,2853.8624,30.5313
2,6740.934,13.103516,211.14,2766.6432,30.5234
2,6741.934,13.104297,220.652,2891.4816,30.5234
2,6742.934,13.104297,221.544,2903.1552,30.5234
2,6743.934,13.104492,223.236,2925.4144,30.5234
2,6744.934,13.104492,221.776,2906.24,30.5156
2,6745.934,13.104688,223.688,2931.3664,30.5156
2,6746.934,13.105078,225.536,2955.6992,30.5156
2,6747.934,13.105078,222.576,2916.864,30.5156
2,6748.934,13.105273,228.864,2999.3216,30.5156
2,6749.934,13.105859,230.468,3020.4672,30.5156
2,6750.934,13.105469,224.332,2939.968,30.5156
2,6751.934,13.105273,221.556,2903.7952,30.5156
2,6752.934,13.105859,225.668,2957.5424,30.5078
2,6753.934,13.104688,217.628,2851.9552,30.5078
2,6754.934,13.105469,221.464,2902.4,30.5078
2,6755.934,13.105273,221.176,2898.56,30.5078
2,6756.934,13.104297,209.288,2742.5536,30.5156
2,6757.934,13.104883,214.744,2814.2848,30.5078
2,6758.934,13.104688,213.576,2798.8608,30.5078
2,6759.934,13.104688,217.596,2851.52,30.5078
2,6760.934,13.104492,215.56,2824.8064,30.5078
2,6761.934,13.104297,214.192,2806.8352,30.5078
2,6762.934,13.104883,219.716,2879.36,30.5
2,6763.934,13.105469,230.5,3020.8512,30.5
2,6764.934,13.105273,220.688,2892.1856,30.5
2,6765.934,13.105273,218.212,2859.7504,30.5078
2,6766.934,13.105273,217.12,2845.4144,30.5078
2,6767.934,13.105078,218.92,2868.9792,30.5078
2,6768.934,13.105664,224.1,2936.9984,30.5078
2,6769.934,13.105664,222.04,2909.9904,30.5078
2,6770.934,13.105859,224.852,2946.8672,30.5078
2,6771.934,13.106055,225.788,2959.1424,30.5078
2,6772.934,13.106055,225.724,2958.3744,30.5078
2,6773.934,13.106445,227.56,2982.5024,30.5078
2,6774.934,13.106445,226.736,2971.6608,30.5078
2,6775.934,13.106641,227.828,2986.0992,30.5078
2,6776.934,13.106836,227.488,2981.7984,30.5078
2,6777.934,13.107031,231.592,3035.5072,30.5078
2,6778.934,13.107227,232.132,3042.624,30.5
2,6779.934,13.107422,231.064,3028.6208,30.5
2,6780.93,13.107227,230.46,3020.7232,30.5
2,6781.93,13.108008,232.52,3047.872,30.5078
2,6782.93,13.107422,229.184,3004.0192,30.5078
2,6783.93,13.107617,229.3,3005.5808,30.5078
2,6784.93,13.107617,228.092,2989.76,30.5078
2,6785.93,13.107422,228.188,2990.9504,30.5078
2,6786.93,13.107227,226.472,2968.4224,30.5078
2,6787.93,13.107031,218.372,2862.1824,30.5078
2,6788.93,13.106641,218.08,2858.304,30.5078
2,6789.93,13.107031,222.496,2916.2496,30.5078
2,6790.93,13.10625,217.536,2851.1104,30.5156
2,6791.93,13.107617,229.9,3013.4528,30.5156
2,6792.93,13.106836,221.664,2905.3056,30.5078
2,6793.93,13.10625,216.252,2834.2784,30.5078
2,6794.93,13.106641,220.52,2890.2784,30.5078
2,6795.93,13.106641,217.928,2856.2816,30.5078
2,6796.93,13.106836,222.58,2917.3248,30.5156
2,6797.93,13.107031,225.276,2952.7296,30.5156
2,6798.93,13.107031,220.528,2890.432,30.5156
2,6799.93,13.106836,223.676,2931.6864,30.5156
2,6800.93,13.107031,223.648,2931.3664,30.5156
2,6801.93,13.107031,223.804,2933.4144,30.5156
2,6802.93,13.107617,227.6,2983.2704,30.5156
2,6803.93,13.107422,224.608,2944.0256,30.5156
2,6804.93,13.107617,227.7,2984.5888,30.5234
2,6805.93,13.107617,225.608,2957.1584,30.5156
2,6806.93,13.107422,226.352,2966.912,30.5234
2,6807.93,13.10625,207.176,2715.2896,30.5234
2,6808.93,13.107227,222.76,2919.7952,30.5234
2,6809.93,13.106836,217.148,2846.1184,30.5234
2,6810.93,13.105664,201.828,2645.1072,30.5234
2,6811.93,13.105664,207.376,2718.0672,30.5234
2,6812.93,13.105859,210.436,2758.272,30.5234
2,6813.93,13.105469,204.604,2681.3952,30.5234
2,6814.93,13.105664,211.736,2774.9504,30.5234
2,6815.93,13.104297,194.564,2549.5936,30.5313
2,6816.93,13.103906,188.712,2473.0752,30.5234
2,6817.93,13.104102,196.756,2578.2912,30.5234
2,6818.93,13.104492,207.056,2713.3568,30.5156
2,6819.93,13.104688,208.84,2736.7552,30.5078
2,6820.93,13.105273,218.136,2858.7136,30.5
2,6821.93,13.105273,211.86,2776.4608,30.5
2,6822.93,13.105078,211.852,2776.3328,30.5
2,6823.93,13.103711,192.44,2521.6512,30.4922
2,6824.93,13.104102,206.752,2709.2864,30.5
2,6825.93,13.104492,212.36,2782.8608,30.5078
2,6826.93,13.103711,206.58,2706.9696,30.5078
2,6827.93,13.104297,207.82,2723.328,30.5
2,6828.93,13.104883,215.572,2825.0624,30.5
2,6829.93,13.104102,202.6,2655.3216,30.4922
2,6830.93,13.103906,204.32,2677.4016,30.5
2,6831.93,13.102344,184.056,2411.5456,30.4844
2,6832.93,13.103711,206.46,2705.408,30.4766
2,6833.93,13.103125,200.052,2621.2608,30.4766
2,6834.93,13.103125,200.528,2627.5328,30.4766
2,6835.93,13.10293,200.652,2629.3248,30.4766
2,6836.93,13.10293,202.588,2654.5152,30.4844
2,6837.93,13.103125,203.048,2660.544,30.4844
2,6838.93,13.103125,204.628,2679.04,30.4844
2,6839.93,13.10293,202.42,2652.288,30.4844
2,6840.926,13.103516,207.852,2723.584,30.4844
2,6841.926,13.10332,209.744,2748.3264,30.4844
2,6842.926,13.103711,212.468,2784.1024,30.4844
2,6843.926,13.104102,215.324,2821.6448,30.4922
2,6844.926,13.104492,215.936,2829.7088,30.4844
2,6845.926,13.104492,216.26,2833.984,30.4922
2,6846.926,13.104688,218.2,2859.4304,30.4922
2,6847.926,13.104492,214.632,2812.9408,30.4922
2,6848.926,13.104688,213.684,2800.4352,30.4922
2,6849.926,13.104688,218.568,2864.2944,30.4922
2,6850.926,13.104883,218.508,2863.488,30.4922
2,6851.926,13.105078,216.944,2843.0592,30.5
2,6852.926,13.104883,212.868,2789.9904,30.5
2,6853.926,13.104492,211.476,2771.4432,30.5
2,6854.926,13.104492,211.436,2770.752,30.5
2,6855.926,13.104297,210.092,2753.1264,30.4922
2,6856.926,13.104102,207.86,2723.7888,30.5
2,6857.926,13.103711,204.684,2682.1248,30.5
2,6858.926,13.103711,204.376,2678.0928,30.5078
2,6859.926,13.103516,202.04,2647.4496,30.5078
2,6860.926,13.10332,200.876,2632.1408,30.5078
2,6861.926,13.10293,200.38,2625.5616,30.5078
2,6862.926,13.102344,196.636,2576.4096,30.5156
2,6868.502,13.101953,196.852,2579.1488,30.5156
2,6869.504,13.101758,198.456,2600.1024,30.5156
2,6870.503,13.101953,197.536,2588.1088,30.5234
2,6871.505,13.101563,197.304,2584.9984,30.5234
2,6872.504,13.101563,193.344,2533.12,30.5234
2,6873.506,13.100977,195.108,2556.1088,30.5234
2,6874.505,13.101172,193.24,2531.6352,30.5234
2,6875.507,13.101367,195.24,2557.9136,30.5234
2,6876.506,13.101367,199.3,2611.072,30.5234
2,6877.508,13.101367,201.424,2638.9376,30.5234
2,6878.507,13.101367,200.236,2623.36,30.5234
2,6879.509,13.101172,199.736,2616.7808,30.5313
2,6880.508,13.101367,200.448,2626.1248,30.5313
2,6881.51,13.100781,191.388,2507.3664,30.5313
2,6882.509,13.100586,194.568,2548.9536,30.5313
2,6883.511,13.100586,192.556,2522.6112,30.5313
2,6884.51,13.100391,191.124,2503.808,30.5391
2,6885.512,13.099805,188.772,2472.8704,30.5391
2,6886.511,13.1,188.78,2473.0112,30.5391
2,6887.513,13.099414,182.904,2395.904,30.5391
2,6888.512,13.099219,185.732,2432.9472,30.5391
2,6889.514,13.098438,177.824,2329.216,30.5469
2,6890.513,13.098047,177.508,2325.0432,30.5469
2,6891.515,13.097852,177.744,2328.2816,30.5469
2,6892.514,13.097852,177.956,2331.1744,30.5547
2,6893.516,13.096289,164.9,2159.5904,30.5547
2,6894.515,13.096289,166.42,2179.4944,30.5547
2,6895.517,13.096289,171.528,2246.3872,30.5547
2,6896.516,13.096484,174.952,2291.264,30.5625
2,6897.518,13.096094,173.284,2269.9648,30.5625
2,6898.517,13.096289,174.932,2290.9312,30.5625
2,6899.519,13.09668,183.92,2408.7424,30.5625
2,6900.514,13.09668,183.812,2407.296,30.5703
2,6901.001,13.096289,185.544,2429.9136,30.5859
2,6902.001,13.096289,185.404,2428.096,30.5938
2,6903.001,13.096484,188.968,2474.8288,30.5859
2,6904.001,13.09668,192.384,2519.6032,30.5938
2,6905.001,13.096289,187.176,2451.3408,30.5938
2,6906.001,13.096875,191.844,2512.5632,30.5859
2,6907.001,13.09668,191.276,2505.0496,30.5938
2,6908.001,13.09668,190.176,2490.6752,30.5938
2,6909.001,13.096875,191.308,2505.536,30.5938
2,6910.001,13.096484,190.648,2496.832,30.5938
2,6911.001,13.096875,187.208,2451.8016,30.6016
2,6912.001,13.09668,190.004,2488.4352,30.6016
2,6913.001,13.096875,193.212,2530.4576,30.6094
2,6914.001,13.09668,190.096,2489.6512,30.6016
2,6915.001,13.09668,193.748,2537.4464,30.6094
2,6916.001,13.09707,194.544,2547.9808,30.6094
2,6917.001,13.097266,193.184,2530.1632,30.6094
2,6918.001,13.096875,191.132,2503.232,30.6172
2,6919.001,13.09668,190.532,2491.0336,30.6172
2,6920.001,13.096484,185.812,2433.4848,30.625
2,6921.001,13.096094,184.336,2414.0416,30.625
2,6922.001,13.096094,184.384,2414.6944,30.625
2,6923.001,13.095898,183.864,2407.8208,30.6328
2,6924.001,13.095703,180.844,2368.256,30.6328
2,6925.001,13.095313,179.936,2356.3264,30.6328
2,6926.001,13.095508,183.436,2402.176,30.6406
2,6927.001,13.096094,190.02,2488.5248,30.6406
2,6928.001,13.095508,186.504,2442.368,30.6406
2,6929.001,13.096289,191.768,2511.424,30.6484
2,6930.001,13.095508,180.904,2369.0112,30.6484
2,6931.001,13.095898,191.556,2508.5824,30.6484
2,6932.001,13.096094,192.792,2524.8,30.6484
2,6933.001,13.096484,196.388,2571.968,30.6563
2,6934.001,13.096289,192.152,2516.8384,30.6563
2,6935.001,13.096289,190.276,2491.8656,30.6563
2,6936.001,13.095898,188.028,2462.3872,30.6563
2,6937.001,13.096094,187.26,2452.3392,30.6563
2,6938.001,13.095898,183.888,2408.4224,30.6641
2,6939.001,13.095703,183.548,2403.6736,30.6641
2,6940.001,13.095117,177.396,2323.0208,30.6641
2,6941.001,13.095117,181.1,2371.5328,30.6641
2,6942.001,13.094922,184.3,2413.4144,30.6719
2,6943.001,13.095508,189.008,2475.1744,30.6719
2,6944.001,13.095898,191.324,2505.792,30.6719
2,6945.001,13.096289,198.944,2605.4528,30.6719
2,6946.001,13.09707,205.424,2690.4448,30.6719
2,6947.001,13.097656,209.58,2744.9856,30.6719
2,6948.001,13.098242,215.084,2817.2416,30.6719
2,6949.001,13.098828,216.164,2831.488,30.6797
2,6950.001,13.098828,215.672,2825.0752,30.6797
2,6951.001,13.099023,212.412,2782.7584,30.6797
2,6952.001,13.099219,211.112,2765.4144,30.6797
2,6953.001,13.099219,210.6,2758.6688,30.6797
2,6954.001,13.099219,209.928,2749.9136,30.6797
2,6955.001,13.099023,203.624,2667.5712,30.6797
2,6956.001,13.098828,204.616,2680.2304,30.6797
2,6957.001,13.099023,202.332,2650.5856,30.6875
2,6958.001,13.098828,202.092,2647.1552,30.6875
2,6959.001,13.098633,199.456,2612.6208,30.6875
2,6960.001,13.098633,199.224,2609.536,30.6875
2,6960.994,13.098047,195.46,2560.128,30.6875
2,6961.994,13.097852,193.196,2530.4576,30.6875
2,6962.994,13.097656,189.648,2484.4288,30.6875
2,6963.994,13.097656,194.524,2547.8144,30.6875
2,6964.994,13.098047,196.288,2570.9824,30.6875
2,6965.994,13.097656,197.952,2592.7424,30.6875
2,6966.994,13.097461,193.076,2528.8192,30.6875
2,6967.994,13.096289,178.012,2331.6096,30.6875
2,6968.994,13.097852,195.952,2566.5152,30.6875
2,6969.994,13.097852,198.284,2597.0816,30.6953
2,6970.994,13.097656,198.768,2603.3792,30.6953
2,6971.994,13.097656,195.864,2565.3504,30.6953
2,6972.994,13.097852,201.064,2633.856,30.6953
2,6973.994,13.098438,204.604,2680.192,30.6953
2,6974.994,13.098828,206.52,2705.1264,30.6953
2,6975.994,13.099023,211.432,2769.5488,30.6953
2,6976.994,13.097852,191.228,2504.6656,30.6953
2,6977.994,13.099219,212.584,2784.704,30.7031
2,6978.994,13.099414,209.152,2739.7376,30.7031
2,6979.994,13.098828,200.588,2627.712,30.7031
2,6980.994,13.099219,204.98,2685.056,30.7031
2,6981.994,13.098633,200.556,2627.008,30.7031
2,6982.994,13.098828,200.624,2627.9168,30.7031
2,6983.994,13.098633,197.516,2587.1744,30.7109
2,6984.994,13.098242,194.384,2546.048,30.7109
2,6985.994,13.098242,195.18,2556.5184,30.7109
2,6986.994,13.098242,192.988,2528.128,30.7109
2,6987.994,13.098047,195.66,2562.7392,30.7188
2,6988.994,13.098047,198.108,2594.8416,30.7188
2,6989.994,13.098438,205.508,2691.84,30.7188
2,6990.994,13.098633,204.94,2684.7616,30.7188
2,6991.994,13.099219,208.024,2724.9536,30.7188
2,6992.994,13.1,216.856,2840.8448,30.7188
2,6993.994,13.100195,218.192,2858.368,30.7266
2,6994.994,13.100586,220.912,2894.0672,30.7266
2,6995.994,13.101563,223.348,2926.1696,30.7266
2,6996.994,13.101563,222.144,2910.3872,30.7266
2,6997.994,13.101758,223.024,2921.9968,30.7266
2,6998.994,13.101953,223.604,2929.6512,30.7344
2,6999.994,13.101953,221.844,2906.5984,30.7344
2,7000.994,13.102148,221.832,2906.496,30.7344
2,7001.994,13.102148,220.444,2888.2944,30.7344
2,7002.994,13.102148,219.224,2872.3072,30.7344
2,7003.994,13.101953,216.864,2841.5744,30.7422
2,7004.994,13.101953,215.236,2820.0064,30.7422
2,7005.994,13.101953,212.696,2786.7008,30.7422
2,7006.994,13.101758,212.844,2788.6208,30.7422
2,7007.994,13.101563,209.356,2742.912,30.7422
2,7008.994,13.101367,203.632,2668.0448,30.7422
2,7009.994,13.101367,207.404,2717.2992,30.7422
2,7010.994,13.100977,206.608,2706.7648,30.7422
2,7011.994,13.100977,205.496,2692.1728,30.75
2,7012.994,13.100977,204.792,2682.9952,30.75
2,7013.994,13.100586,205.836,2696.5888,30.7422
2,7014.994,13.100781,205.84,2696.6272,30.75
2,7015.994,13.100977,206.512,2705.472,30.75
2,7016.994,13.100781,204.76,2682.496,30.75
2,7017.994,13.100586,204.056,2673.28,30.75
2,7018.994,13.100781,204.736,2682.2144,30.75
2,7019.994,13.100781,205.268,2689.1648,30.7422
2,7020.99,13.100781,205.652,2694.1568,30.75
2,7021.99,13.100781,204.452,2678.6688,30.7422
2,7022.99,13.100781,207.704,2721.0752,30.7422
2,7023.99,13.101172,208.28,2728.704,30.7422
2,7024.99,13.100977,209.952,2750.5792,30.7422
2,7025.99,13.101172,209.84,2749.1712,30.7422
2,7026.99,13.101172,208.776,2735.2448,30.7422
2,7027.99,13.101367,209.26,2741.9136,30.7422
2,7028.99,13.101563,211.88,2775.9488,30.7344
2,7029.99,13.101758,212.712,2786.8672,30.7422
2,7030.99,13.101953,214.388,2808.8704,30.7422
2,7031.99,13.101758,213.844,2801.728,30.7422
2,7032.99,13.101563,210.452,2757.2864,30.7422
2,7033.99,13.101953,211.908,2776.4224,30.7344
2,7034.99,13.101953,211.708,2773.8112,30.7344
2,7035.99,13.101953,211.548,2771.6864,30.7344
2,7036.99,13.101953,214.196,2806.3872,30.7344
2,7037.99,13.102148,215.96,2829.568,30.7344
2,7038.99,13.102344,216.608,2838.0928,30.7344
2,7039.99,13.10332,222.52,2915.7376,30.7266
2,7040.99,13.103125,220.504,2889.6128,30.7266
2,7041.99,13.103516,226.444,2967.1936,30.7266
2,7042.99,13.103711,224.612,2943.2448,30.7266
2,7043.99,13.104102,230.824,3024.7296,30.7266
2,7044.99,13.104297,226.46,2967.872,30.7266
2,7045.99,13.104297,225.532,2955.8144,30.7266
2,7046.99,13.104492,226.516,2968.3456,30.7344
2,7047.99,13.104883,226.176,2963.9936,30.7344
2,7048.99,13.104688,225.064,2949.376,30.7344
2,7049.99,13.104688,222.712,2918.528,30.7344
2,7050.99,13.104492,219.696,2879.2576,30.7344
2,7051.99,13.104883,224.392,2940.6336,30.7344
2,7052.99,13.105078,223.66,2931.0592,30.7266
2,7053.99,13.104883,223.692,2931.456,30.7344
2,7054.99,13.105078,223.756,2932.3392,30.7344
2,7055.99,13.105078,221.944,2908.544,30.7344
2,7056.99,13.104883,220.996,2896.128,30.7344
2,7057.99,13.104883,222.216,2912.1408,30.7344
2,7058.99,13.105078,221.532,2903.2064,30.7266
2,7059.99,13.104883,221.868,2907.5712,30.7266
2,7060.99,13.105273,223.072,2923.3792,30.7266
2,7061.99,13.105469,223.672,2931.3024,30.7188
2,7062.99,13.105664,223.212,2925.6192,30.7188
2,7063.99,13.105273,224.54,2942.6688,30.7188
2,7064.99,13.10625,227.616,2983.1424,30.7188
2,7065.99,13.10625,229.096,3002.56,30.7188
2,7066.99,13.106445,228.04,2988.7744,30.7188
2,7067.99,13.10625,225.536,2955.8912,30.7188
2,7068.99,13.106055,222.176,2912.064,30.7188
2,7069.99,13.105859,223.788,2932.9536,30.7188
2,7070.99,13.106055,222.052,2910.1824,30.7188
2,7071.99,13.105859,222.46,2915.5072,30.7188
2,7072.99,13.105859,222.788,2919.8464,30.7188
2,7073.99,13.105859,220.716,2892.7104,30.7188
2,7074.99,13.105664,221.448,2902.2208,30.7266
2,7075.99,13.106055,222.812,2920.1792,30.7266
2,7076.99,13.105859,221.168,2898.624,30.7266
2,7077.99,13.10625,222.156,2911.5904,30.7266
2,7078.99,13.106055,222.764,2919.5648,30.7266
2,7079.99,13.106055,220.668,2892.0448,30.7266
2,7080.986,13.106445,222.064,2910.4512,30.7266
2,7081.986,13.106055,219.868,2881.6,30.7266
2,7082.986,13.105859,217.004,2844.0064,30.7266
2,7083.986,13.105664,215.796,2828.1344,30.7266
2,7084.986,13.105078,212.98,2791.1424,30.7266
2,7085.986,13.105078,210.564,2759.4624,30.7344
2,7086.986,13.104688,207.964,2725.504,30.7344
2,7087.986,13.104883,210.948,2764.416,30.7344
2,7088.986,13.104883,212.752,2788.1088,30.7344
2,7089.986,13.105469,217.972,2856.6016,30.7344
2,7090.986,13.105664,222.84,2920.4608,30.7344
2,7091.986,13.10625,227.656,2983.6928,30.7344
2,7092.986,13.107031,234.068,3067.9552,30.7422
2,7093.986,13.107422,237.06,3107.2384,30.7422
2,7094.986,13.107813,237.56,3113.8688,30.7422
2,7095.986,13.108008,238.48,3126.0032,30.7422
2,7096.986,13.108398,237.452,3112.576,30.7422
2,7097.986,13.108203,234.048,3067.9296,30.7422
2,7098.986,13.108203,232.036,3041.5744,30.7422
2,7099.986,13.107813,230.092,3016.0128,30.7422
2,7100.986,13.108008,227.852,2986.6624,30.7422
2,7101.986,13.107422,223.3,2926.912,30.75
2,7102.986,13.107227,220.36,2888.2944,30.75
2,7103.986,13.107227,222.76,2919.7184,30.75
2,7104.986,13.107227,223.612,2930.9696,30.75
2,7105.986,13.107227,222.664,2918.5024,30.75
2,7106.986,13.107617,224.404,2941.3504,30.75
2,7107.986,13.107617,226.784,2972.5824,30.75
2,7108.986,13.107422,220.724,2893.1072,30.75
2,7109.986,13.107813,226.052,2963.0208,30.75
2,7110.986,13.107617,223.36,2927.7184,30.75
2,7111.986,13.107227,218.052,2858.048,30.75
2,7112.986,13.106641,213.348,2796.2368,30.75
2,7113.986,13.106445,211.492,2771.8784,30.7422
2,7114.986,13.105859,206.872,2711.232,30.75
2,7115.986,13.105469,204.256,2676.864,30.75
2,7116.986,13.105664,206.284,2703.4752,30.75
2,7117.986,13.105469,208.032,2726.336,30.75
2,7118.986,13.104492,194.708,2551.5136,30.75
2,7119.986,13.104492,202.768,2657.1392,30.7422
2,7120.986,13.104102,195.692,2564.3904,30.7422
2,7121.986,13.104883,210.732,2761.8048,30.7422
2,7122.986,13.104883,210.244,2755.5072,30.7422
2,7123.986,13.105273,216.524,2837.5936,30.7422
2,7124.986,13.105859,218.556,2864.3456,30.7422
2,7125.986,13.106055,219.888,2881.8816,30.7422
2,7126.986,13.106055,219.092,2871.424,30.7422
2,7127.986,13.106055,219.476,2876.4544,30.75
2,7128.986,13.10625,219.324,2874.4832,30.75
2,7129.986,13.106055,216.84,2841.9072,30.75
2,7130.986,13.105859,215.392,2822.8608,30.75
2,7131.986,13.105859,216.284,2834.56,30.75
2,7132.986,13.105664,214.388,2809.7152,30.7422
2,7133.986,13.105664,212.288,2782.1568,30.7422
2,7134.986,13.105273,213.38,2796.4032,30.75
2,7135.986,13.105273,212.008,2778.3808,30.75
2,7136.986,13.105273,212.188,2780.7744,30.75
2,7137.986,13.105469,212.544,2785.4592,30.75
2,7138.986,13.105664,212.164,2780.5312,30.75
2,7139.986,13.105273,210.536,2759.1296,30.75
2,7140.982,13.105273,211.696,2774.3232,30.75
2,7141.982,13.105078,209.804,2749.5168,30.75
2,7142.982,13.104883,210.584,2759.68,30.75
2,7143.982,13.104883,210.152,2754.0096,30.75
2,7144.982,13.105078,208.932,2738.0992,30.75
2,7145.982,13.104883,206.676,2708.7616,30.75
2,7146.982,13.104883,210.108,2753.4336,30.75
2,7147.982,13.105078,210.48,2758.3104,30.75
2,7148.982,13.105273,213.712,2800.7424,30.75
2,7149.982,13.105469,216.488,2837.1584,30.75
2,7150.982,13.105469,217.84,2854.8992,30.75
2,7151.982,13.105859,221.4,2901.5936,30.7578
2,7152.982,13.10625,223.528,2929.5744,30.7578
2,7153.982,13.10625,223.532,2929.6768,30.7578
2,7154.982,13.106836,224.576,2943.488,30.7578
2,7155.982,13.106836,225.072,2949.952,30.7578
2,7156.982,13.106641,223.712,2932.1088,30.7578
2,7157.982,13.106641,223.68,2931.712,30.7578
2,7158.982,13.106836,223.996,2935.8592,30.7578
2,7159.982,13.106836,222.244,2912.8832,30.7578
2,7160.982,13.106836,220.64,2891.8912,30.7578
2,7161.982,13.106641,219.272,2873.92,30.7578
2,7162.982,13.106641,217.668,2852.8768,30.7578
2,7163.982,13.106445,216.868,2842.368,30.7578
2,7164.982,13.106445,215.056,2818.5984,30.7578
2,7165.982,13.10625,213.752,2801.4976,30.7578
2,7166.982,13.106055,215.28,2821.4912,30.7578
2,7167.982,13.10625,216.112,2832.4352,30.7578
2,7168.982,13.106445,217.52,2850.88,30.7578
2,7169.982,13.106641,220.552,2890.688,30.7578
2,7170.982,13.107031,222.704,2918.9632,30.7578
2,7171.982,13.107227,223.184,2925.312,30.7578
2,7172.982,13.107227,225.168,2951.3344,30.7578
2,7173.982,13.107227,225.1,2950.464,30.7656
2,7174.982,13.107031,222.484,2916.0832,30.7656
2,7175.982,13.107031,221.468,2902.7712,30.7656
2,7176.982,13.106836,219.84,2881.4336,30.7656
2,7177.982,13.107227,217.416,2849.6896,30.7656
2,7178.982,13.106836,218.712,2866.6624,30.7656
2,7179.982,13.107031,220.42,2889.024,30.7656
2,7180.982,13.107031,221.048,2897.2672,30.7656
2,7181.982,13.107617,221.856,2907.9936,30.7578
2,7182.982,13.106836,211.848,2776.6528,30.7656
2,7183.982,13.107227,225.064,2949.9264,30.7656
2,7184.982,13.108008,232.208,3043.776,30.7656
2,7185.982,13.108594,232.816,3051.904,30.7656
2,7186.982,13.108594,232.608,3049.1648,30.7656
2,7187.982,13.108789,232.372,3046.0928,30.7656
2,7188.982,13.108984,229.644,3010.368,30.7656
2,7189.982,13.108594,225.312,2953.4976,30.7656
2,7190.982,13.108203,221.468,2903.04,30.7578
2,7191.982,13.107617,215.236,2821.2224,30.7578
2,7192.982,13.107031,210.596,2760.2816,30.7656
2,7193.982,13.106641,207.028,2713.4208,30.7656
2,7194.982,13.106445,208.36,2730.88,30.7656
2,7195.982,13.10625,207.672,2721.7536,30.7656
2,7196.982,13.10625,210.364,2757.12,30.7656
2,7197.982,13.106641,212.26,2781.9904,30.7656
2,7198.982,13.106445,212.756,2788.4672,30.7656
2,7199.982,13.106641,215.192,2820.4416,30.7656
2,7200.978,13.106445,215.464,2823.9616,30.7656
2,7201.978,13.106641,213.852,2815.296,30.7656
2,7202.978,13.106055,213.824,2802.3808,30.7656
2,7203.978,13.106641,210.836,2763.3536,30.7656
2,7204.978,13.10625,209.296,2743.04,30.7734
2,7205.978,13.105664,208.656,2734.5792,30.7734
2,7206.978,13.105859,206.908,2711.7056,30.7656
2,7207.978,13.105469,207.476,2719.104,30.7656
2,7208.978,13.105664,208.872,2737.3568,30.7656
2,7209.978,13.105664,209.12,2740.6592,30.7656
2,7210.978,13.105664,210.812,2762.8288,30.7656
2,7211.978,13.105664,213.036,2791.9616,30.7656
2,7212.978,13.105859,212.86,2789.6832,30.7656
2,7213.978,13.105859,212.988,2791.3728,30.7656
2,7214.978,13.106055,214.5,2811.2128,30.7656
2,7215.978,13.106055,213.972,2804.3136,30.7656
2,7216.978,13.105859,214.032,2805.056,30.7656
2,7217.978,13.10625,216.484,2837.2736,30.7734
2,7218.978,13.10625,217.612,2852.0704,30.7734
2,7219.978,13.10625,218.412,2862.5792,30.7734
2,7220.978,13.106836,220.952,2895.9872,30.7734
2,7221.978,13.106836,218.896,2869.312,30.7734
2,7222.978,13.106836,222.688,2918.7456,30.7734
2,7223.978,13.107031,222.564,2917.12,30.7734
2,7224.978,13.107227,221.416,2902.144,30.7734
2,7225.978,13.107422,222.008,2909.952,30.7734
2,7226.978,13.107227,221.188,2899.1616,30.7734
2,7227.978,13.106836,217.932,2856.3968,30.7734
2,7228.978,13.106836,216.664,2839.7568,30.7734
2,7229.978,13.107031,216.148,2833.0624,30.7734
2,7230.978,13.106641,213.936,2803.9808,30.7656
2,7231.978,13.106445,213.832,2802.5728,30.7734
2,7232.978,13.106445,215.06,2818.6752,30.7734
2,7233.978,13.10625,214.656,2813.3248,30.7734
2,7234.978,13.106445,216.02,2831.2576,30.7656
2,7235.978,13.106641,217.864,2855.488,30.7656
2,7236.978,13.107031,217.888,2855.8976,30.7656
2,7237.978,13.107031,218.52,2864.128,30.7656
2,7238.978,13.107227,219.408,2875.8016,30.7656
2,7239.978,13.107031,218.076,2858.2912,30.7656
2,7240.978,13.106836,216.772,2841.152,30.7578
2,7241.978,13.107031,218.276,2860.9536,30.7578
2,7242.978,13.106836,217.132,2845.9392,30.7656
2,7243.978,13.107031,218.124,2858.944,30.7578
2,7244.978,13.106836,216.688,2840.0768,30.7656
2,7245.978,13.106836,214.532,2811.8144,30.7656
2,7246.978,13.106641,212.7,2787.7504,30.7656
2,7247.978,13.106641,215.572,2825.4336,30.7656
2,7248.978,13.106836,215.568,2825.408,30.7656
2,7249.978,13.106836,217.116,2845.696,30.7656
2,7250.978,13.107227,218.548,2864.5632,30.7734
2,7251.978,13.107227,219.5,2877.0176,30.7734
2,7252.978,13.107422,222.192,2912.3456,30.7734
2,7253.978,13.107617,223.84,2933.9904,30.7734
2,7254.978,13.107617,222.96,2922.4704,30.7734
2,7255.978,13.107813,222.38,2914.9056,30.7734
2,7256.978,13.108008,221.844,2907.9296,30.7734
2,7257.978,13.107422,218.912,2869.376,30.7734
2,7258.978,13.107227,216.456,2837.1328,30.7734
2,7259.978,13.107227,215.316,2822.2208,30.7734
2,7260.974,13.106641,212.324,2782.8736,30.7734
2,7261.974,13.106641,212.048,2779.2128,30.7813
2,7262.974,13.107031,212.428,2784.2816,30.7813
2,7263.974,13.106836,213.376,2796.672,30.7813
2,7264.974,13.107227,217.676,2853.0816,30.7813
2,7265.974,13.107422,219.648,2879.0144,30.7813
2,7266.974,13.107617,221.916,2908.8128,30.7813
2,7267.974,13.107813,225.112,2950.7328,30.7813
2,7268.974,13.108008,225.252,2952.6016,30.7813
2,7269.974,13.108203,224.02,2936.4992,30.7813
2,7270.974,13.108203,223.756,2933.0304,30.7813
2,7271.974,13.108008,222.108,2911.424,30.7813
2,7272.974,13.107813,219.472,2876.7872,30.7813
2,7273.974,13.107617,219.216,2873.3696,30.7891
2,7274.974,13.107813,220.508,2890.368,30.7891
2,7275.974,13.108008,219.64,2879.0144,30.7891
2,7276.974,13.107813,220.168,2885.9136,30.7891
2,7277.974,13.107813,219.856,2881.792,30.7891
2,7278.974,13.107617,217.928,2856.4992,30.7891
2,7279.974,13.107813,214.1,2806.656,30.7891
2,7280.974,13.107227,213.964,2804.7232,30.7891
2,7281.974,13.107422,214.976,2817.7664,30.7969
2,7282.974,13.107422,215.052,2818.816,30.7969
2,7283.974,13.106836,211.676,2774.3872,30.7969
2,7284.974,13.106641,208.412,2731.5712,30.7969
2,7285.974,13.10625,205.288,2690.5216,30.7969
2,7286.974,13.105664,200.432,2626.8032,30.8047
2,7287.974,13.105273,196.684,2577.5872,30.8047
2,7288.974,13.104883,195.268,2558.976,30.8047
2,7289.974,13.104297,192.076,2517.0048,30.8047
2,7290.974,13.103906,189.428,2482.2272,30.8047
2,7291.974,13.103711,187.704,2459.6096,30.8047
2,7292.974,13.103125,184.508,2417.6512,30.8125
2,7293.974,13.102734,180.704,2367.6928,30.8125
2,7294.974,13.102148,179.924,2357.4016,30.8125
2,7295.974,13.101563,177.072,2319.8976,30.8125
2,7296.974,13.101172,176.752,2315.6224,30.8125
2,7297.974,13.100781,178.228,2334.9248,30.8203
2,7298.974,13.100391,177.052,2319.6544,30.8203
2,7299.974,13.100586,179.584,2352.6272,30.8203
2,7300.974,13.100586,183.52,2404.2496,30.8203
2,7301.974,13.100977,188.016,2463.1552,30.8203
2,7302.974,13.100781,190.648,2497.664,30.8203
2,7303.974,13.101563,194.76,2551.6544,30.8203
2,7304.974,13.101758,197.204,2583.7056,30.8281
2,7305.974,13.102148,202.304,2650.5856,30.8281
2,7306.974,13.102344,207.76,2722.1504,30.8203
2,7307.974,13.10332,210.44,2757.4656,30.8203
2,7308.974,13.103516,214.576,2811.6992,30.8203
2,7309.974,13.104102,219.644,2878.208,30.8203
2,7310.974,13.104492,223.572,2929.792,30.8203
2,7311.974,13.105273,228.464,2994.0736,30.8203
2,7312.974,13.10625,234.92,3078.9376,30.8203
2,7313.974,13.106836,238.66,3128.064,30.8203
2,7314.974,13.107813,241.036,3159.4496,30.8203
2,7315.974,13.108008,240.728,3155.6736,30.8203
2,7316.974,13.108594,243.78,3195.6096,30.8203
2,7317.974,13.108789,242.36,3177.0624,30.8203
2,7318.974,13.108984,240.456,3152.1024,30.8203
2,7319.974,13.108789,234.076,3068.4672,30.8203
2,7320.97,13.108398,226.424,2968.0384,30.8203
2,7321.97,13.107617,214.372,2809.9328,30.8203
2,7322.97,13.106641,206.664,2708.9408,30.8281
2,7323.97,13.10625,203.608,2668.4928,30.8281
2,7324.97,13.105664,197.584,2589.44,30.8281
2,7325.97,13.104688,191.896,2514.752,30.8281
2,7326.97,13.103906,189.84,2487.6672,30.8281
2,7327.97,13.10332,189.912,2488.4864,30.8281
2,7328.97,13.103125,189.372,2481.3824,30.8281
2,7329.97,13.10332,191.332,2507.0976,30.8281
2,7330.97,13.103125,192.736,2525.4272,30.8281
2,7331.97,13.10293,191.512,2509.3504,30.8203
2,7332.97,13.102539,191.22,2505.472,30.8203
2,7333.97,13.102539,191.5,2509.1456,30.8203
2,7334.97,13.102148,189.084,2477.44,30.8281
2,7335.97,13.101758,186.676,2445.7728,30.8281
2,7336.97,13.101367,184.844,2421.6832,30.8203
2,7337.97,13.101172,180.116,2359.7056,30.8203
2,7338.97,13.100391,175.72,2301.9904,30.8203
2,7339.97,13.099609,171.404,2245.3376,30.8203
2,7340.97,13.099023,169.044,2214.3232,30.8203
2,7341.97,13.098438,164.3,2152.0384,30.8203
2,7342.97,13.098047,163.852,2146.1504,30.8203
2,7343.97,13.097266,160.224,2098.5088,30.8203
2,7344.97,13.09707,161.196,2111.1808,30.8125
2,7345.97,13.096289,158.248,2072.4864,30.8125
2,7346.97,13.096289,158.16,2071.296,30.8125
2,7347.97,13.095898,158.448,2075.008,30.8047
2,7348.97,13.095703,158.56,2076.416,30.8047
2,7349.97,13.094922,156.952,2055.2832,30.7969
2,7350.97,13.094727,157.824,2066.6624,30.7969
2,7351.97,13.094531,158.268,2072.448,30.7969
2,7352.97,13.094336,157.388,2060.8896,30.7891
2,7353.97,13.094141,158.196,2071.4368,30.7813
2,7354.97,13.094141,160.016,2095.2704,30.7813
2,7355.97,13.09375,159.396,2087.0912,30.7891
2,7356.97,13.093555,158.228,2072.0128,30.7813
2,7357.97,13.09375,161.84,2119.104,30.7734
2,7358.97,13.093164,160.792,2105.28,30.7656
2,7359.97,13.093359,160.876,2106.4064,30.7656
2,7360.97,13.093164,161.66,2116.6592,30.7656
2,7361.97,13.092773,160.436,2100.5312,30.7656
2,7362.97,13.092578,155.148,2031.7312,30.7578
2,7363.97,13.092578,159.72,2091.1488,30.7578
2,7364.97,13.092383,158.492,2075.0208,30.7578
2,7365.97,13.092383,158.952,2081.0368,30.7578
2,7366.97,13.091797,156.516,2049.0752,30.7578
2,7367.97,13.091797,153.752,2012.9024,30.75
2,7368.97,13.091211,152.156,1991.8848,30.75
2,7369.97,13.090625,149.072,1951.4624,30.75
2,7370.97,13.089844,145.992,1911.0016,30.7578
2,7371.97,13.089844,145.6,1905.8816,30.75
2,7372.97,13.089453,144.9,1896.6656,30.75
2,7373.97,13.089063,143.384,1876.736,30.75
2,7374.97,13.088672,144.236,1887.872,30.75
2,7375.97,13.088867,145.092,1899.1232,30.75
2,7376.97,13.088477,144.46,1890.7648,30.75
2,7377.97,13.088477,146.064,1911.7568,30.7422
2,7378.97,13.088477,148.16,1939.1616,30.7422
2,7379.97,13.087891,148.02,1937.2544,30.7344
2,7380.966,13.088086,147.904,1936.0128,30.7422
2,7381.966,13.088086,150.796,1973.6576,30.7344
2,7382.966,13.088086,152.94,2001.6512,30.7344
2,7383.966,13.088281,155.5,2035.2,30.7344
2,7384.966,13.088477,157.028,2055.2704,30.7344
2,7385.966,13.088477,159.652,2089.6256,30.7344
2,7386.966,13.088672,164.128,2148.2368,30.7344
2,7387.966,13.089063,166.328,2177.0624,30.7344
2,7388.966,13.089453,168.612,2207.0144,30.7266
2,7389.966,13.089648,172.232,2254.4384,30.7344
2,7390.966,13.089844,173.82,2275.3024,30.7266
2,7391.966,13.090234,175.356,2295.424,30.7188
2,7392.966,13.09082,177.896,2328.7808,30.7188
2,7393.966,13.091016,182.132,2384.2816,30.7188
2,7394.966,13.091211,184.092,2409.9584,30.7188
2,7395.966,13.091797,187.52,2454.976,30.7188
2,7396.966,13.092188,189.204,2477.0944,30.7188
2,7397.966,13.092383,188.744,2471.104,30.7188
2,7398.966,13.092578,185.328,2426.6624,30.7188
2,7399.966,13.092578,186.024,2435.5456,30.7188
2,7400.966,13.092383,181.652,2378.24,30.7188
2,7401.966,13.092188,178.992,2343.3856,30.7109
2,7402.966,13.091602,176.336,2308.5184,30.7109
2,7403.966,13.091406,172.32,2255.9232,30.7109
2,7404.966,13.091406,171.776,2248.8064,30.7109
2,7405.966,13.09082,169.012,2212.5184,30.7109
2,7406.966,13.09082,168.212,2202.048,30.7109
2,7407.966,13.09082,168.44,2204.992,30.7031
2,7408.966,13.09043,167.344,2190.6176,30.7031
2,7409.966,13.090234,167.392,2191.1936,30.7109
2,7410.966,13.09043,168.408,2204.5312,30.7109
2,7411.966,13.09043,166.828,2183.808,30.7109
2,7412.966,13.089844,165.304,2163.7888,30.7109
2,7413.966,13.089844,164.812,2157.3504,30.7109
2,7414.966,13.089648,162.112,2121.9584,30.7031
2,7415.966,13.089063,158.076,2069.0944,30.7031
2,7416.966,13.089063,159.656,2089.7536,30.7031
2,7417.966,13.088672,158.116,2069.5168,30.7031
2,7418.966,13.088672,156.496,2048.2816,30.7031
2,7419.966,13.088281,156.908,2053.632,30.7031
2,7420.966,13.088086,156.1,2043.0464,30.7031
2,7421.966,13.087891,152.488,1996.0448,30.7031
2,7422.966,13.0875,153.308,2006.4384,30.7031
2,7423.966,13.0875,154.792,2025.8432,30.7031
2,7424.966,13.0875,154.648,2023.9744,30.7031
2,7425.966,13.087109,154.94,2027.712,30.6953
2,7426.966,13.087109,154.196,2017.984,30.7031
2,7427.966,13.086914,155.44,2034.2528,30.6953
2,7428.966,13.086914,156.42,2047.0528,30.6953
2,7429.966,13.086914,155.596,2036.2496,30.6875
2,7430.966,13.086914,156.992,2054.5152,30.6875
2,7431.966,13.087109,158.476,2073.9712,30.6875
2,7432.966,13.086719,158.24,2070.8224,30.6875
2,7433.966,13.086719,159.18,2083.1616,30.6875
2,7434.966,13.086523,158.772,2078.016,30.6875
2,7435.966,13.086914,160.98,2106.7264,30.6875
2,7436.966,13.087109,162.032,2120.5376,30.6875
2,7437.966,13.087305,164.26,2149.7088,30.6875
2,7438.966,13.087109,162.332,2124.7488,30.6875
2,7439.966,13.086914,161.152,2109.3248,30.6875
2,7440.962,13.087305,168.012,2198.8352,30.6875
2,7441.962,13.0875,168.656,2207.2576,30.6797
2,7442.962,13.087695,169.392,2216.96,30.6797
2,7443.962,13.087891,172.236,2254.1952,30.6797
2,7444.962,13.088086,172.46,2257.152,30.6797
2,7445.962,13.088281,175.064,2291.264,30.6719
2,7446.962,13.088281,176.552,2310.7456,30.6719
2,7447.962,13.088672,177.74,2326.3744,30.6641
2,7448.962,13.089063,180.612,2364.0576,30.6563
2,7449.962,13.089258,181.52,2375.9488,30.6563
2,7450.962,13.089258,181.0,2369.1776,30.6484
2,7451.962,13.089453,182.412,2387.6608,30.6563
2,7452.962,13.089648,183.448,2401.2672,30.6563
2,7453.962,13.089648,182.608,2390.2976,30.6563
2,7454.962,13.089844,183.52,2402.24,30.6563
2,7455.962,13.090234,183.452,2401.4208,30.6563
2,7456.962,13.089648,177.504,2323.6224,30.6563
2,7457.962,13.089844,175.26,2294.3744,30.6563
2,7458.962,13.089258,172.696,2260.6848,30.6563
2,7459.962,13.089063,170.592,2232.8576,30.6641
2,7460.962,13.088867,167.252,2189.1456,30.6563
2,7461.962,13.088477,165.44,2165.376,30.6563
2,7462.962,13.088086,162.692,2129.3184,30.6563
2,7463.962,13.087891,160.276,2097.6896,30.6563
2,7464.962,13.087891,162.608,2128.2048,30.6563
2,7465.962,13.087695,163.184,2135.7184,30.6641
2,7466.962,13.087891,166.036,2173.0432,30.6641
2,7467.962,13.087891,167.604,2193.5616,30.6641
2,7468.962,13.087891,166.768,2182.8864,30.6641
2,7469.962,13.088281,171.564,2245.4528,30.6641
2,7470.962,13.088281,173.48,2270.5408,30.6641
2,7471.962,13.088281,174.212,2280.1536,30.6641
2,7472.962,13.088477,176.844,2314.5856,30.6641
2,7473.962,13.088672,175.592,2298.2528,30.6641
2,7474.962,13.088672,174.024,2277.7472,30.6641
2,7475.962,13.089063,173.712,2274.0864,30.6641
2,7476.962,13.088672,175.756,2300.4032,30.6719
2,7477.962,13.088672,173.82,2275.072,30.6719
2,7478.962,13.088672,174.64,2285.8112,30.6719
2,7479.962,13.088672,173.032,2264.9728,30.6719
2,7480.962,13.088672,175.312,2294.5792,30.6719
2,7481.962,13.088867,175.224,2293.7088,30.6719
2,7482.962,13.089258,180.72,2365.4912,30.6797
2,7483.962,13.089258,181.82,2379.9168,30.6797
2,7484.962,13.089648,185.288,2427.4688,30.6797
2,7485.962,13.090234,187.648,2456.3712,30.6797
2,7486.962,13.090625,191.272,2503.872,30.6797
2,7487.962,13.091016,195.844,2563.8272,30.6797
2,7488.962,13.091797,198.428,2597.7728,30.6719
2,7489.962,13.092188,201.428,2637.1072,30.6719
2,7490.962,13.092383,205.052,2684.6336,30.6641
2,7491.962,13.092969,206.152,2699.1616,30.6641
2,7492.962,13.093555,206.372,2702.1312,30.6641
2,7493.962,13.09375,207.924,2722.496,30.6641
2,7494.962,13.093945,206.956,2709.9008,30.6641
2,7495.962,13.094141,204.84,2682.176,30.6641
2,7496.962,13.094141,204.308,2675.2128,30.6719
2,7497.962,13.094141,201.528,2638.8608,30.6719
2,7498.962,13.09375,192.792,2524.5696,30.6719
2,7499.962,13.09375,194.096,2541.7472,30.6719
2,7500.958,13.09375,195.176,2555.5712,30.6719
2,7501.958,13.093555,192.828,2524.7744,30.6719
2,7502.958,13.093555,192.208,2516.672,30.6719
2,7503.958,13.093359,188.74,2471.5008,30.6719
2,7504.958,13.093164,189.616,2482.6752,30.6719
2,7505.958,13.093359,190.788,2498.0736,30.6719
2,7506.958,13.093164,189.34,2479.0912,30.6719
2,7507.958,13.093164,190.212,2490.4704,30.6719
2,7508.958,13.093555,191.256,2504.2304,30.6719
2,7509.958,13.093359,190.08,2488.7808,30.6719
2,7510.958,13.093164,190.196,2490.2784,30.6719
2,7511.958,13.093359,185.984,2435.6736,30.6719
2,7512.958,13.093359,190.252,2491.0336,30.6719
2,7513.958,13.093359,189.5,2481.216,30.6719
2,7514.958,13.093359,190.764,2497.7024,30.6719
2,7515.958,13.092969,186.252,2438.9504,30.6719
2,7516.958,13.093359,188.412,2466.9184,30.6719
2,7517.958,13.093359,189.164,2476.8256,30.6797
2,7518.958,13.093164,187.672,2457.2032,30.6797
2,7519.958,13.093164,186.124,2436.9664,30.6797
2,7520.958,13.092969,186.644,2443.712,30.6797
2,7521.958,13.093164,185.732,2431.8336,30.6797
2,7522.958,13.092969,184.844,2420.1728,30.6797
2,7523.958,13.093164,186.736,2444.928,30.6797
2,7524.958,13.092188,180.212,2359.36,30.6797
2,7525.958,13.091992,173.98,2277.7472,30.6797
2,7526.958,13.091406,171.464,2244.672,30.6719
2,7527.958,13.092188,177.184,2319.7312,30.6719
2,7528.958,13.092969,192.34,2518.2848,30.6719
2,7529.958,13.092578,191.94,2512.9728,30.6719
2,7530.958,13.092969,190.304,2491.5968,30.6719
2,7531.958,13.093164,190.144,2489.5488,30.6719
2,7532.958,13.093164,189.892,2486.272,30.6719
2,7533.958,13.092969,187.22,2451.2256,30.6719
2,7534.958,13.092578,180.544,2364.4032,30.6719
