experiment_id,elapsed_seconds,voltage_V,current_mA,power_mW,temperature_C
2,5460.993,13.133008,338.08,4439.9616,28.3125
2,5461.995,13.132813,337.98,4438.6304,28.3125
2,5462.994,13.132813,336.892,4431.0912,28.3203
2,5463.996,13.133008,337.96,4438.4512,28.3203
2,5464.995,13.132813,336.96,4425.216,28.3203
2,5465.997,13.132813,337.368,4430.5792,28.3203
2,5466.996,13.132813,338.744,4448.6656,28.3281
2,5467.998,13.133008,337.7,4435.0464,28.3281
2,5468.997,13.133008,337.632,4434.1248,28.3281
2,5469.999,13.133203,333.576,4381.2224,28.3281
2,5470.998,13.132617,333.064,4374.2208,28.3359
2,5472.0,13.132617,332.848,4371.328,28.3359
2,5472.999,13.133398,338.784,4449.3568,28.3359
2,5474.001,13.133008,338.104,4440.2816,28.3359
2,5475.0,13.133008,337.416,4431.296,28.3359
2,5476.002,13.133203,339.188,4454.6048,28.3359
2,5477.001,13.133203,338.564,4446.4256,28.3359
2,5478.003,13.133203,338.132,4440.7424,28.3359
2,5479.002,13.133203,339.216,4455.0016,28.3359
2,5480.004,13.133203,338.896,4450.7904,28.3438
2,5481.003,13.133594,338.044,4439.7056,28.3438
2,5482.005,13.133203,339.344,4456.6784,28.3438
2,5483.004,13.133203,338.992,4451.9936,28.3438
2,5484.006,13.133398,337.904,4437.8112,28.3516
2,5485.005,13.133398,339.052,4452.8896,28.3516
2,5486.007,13.133398,337.712,4435.2512,28.3516
2,5487.006,13.133203,338.816,4449.7664,28.3516
2,5488.008,13.133203,334.228,4389.7984,28.3516
2,5489.007,13.132813,333.188,4376.0,28.3516
2,5490.009,13.133008,334.472,4392.6656,28.3516
2,5491.008,13.133594,339.344,4456.7936,28.3516
2,5492.01,13.133398,338.316,4443.1872,28.3516
2,5493.009,13.133203,337.936,4438.2208,28.3516
2,5494.011,13.133398,335.732,4409.3056,28.3516
2,5495.01,13.133398,338.136,4440.8704,28.3516
2,5496.012,13.133594,338.508,4445.7984,28.3516
2,5497.011,13.133594,339.612,4460.3264,28.3438
2,5498.013,13.133398,338.488,4445.4912,28.3438
2,5499.012,13.133398,338.7,4448.256,28.3438
2,5500.014,13.133789,339.8,4462.8224,28.3438
2,5501.013,13.108789,32.328,423.7952,28.3438
2,5502.015,13.103516,37.056,485.5296,28.3359
2,5503.014,13.099609,41.928,549.2224,28.3438
2,5504.016,13.118359,337.564,4428.2624,28.3438
2,5505.015,13.122266,336.82,4419.8784,28.3438
2,5506.017,13.123828,337.292,4426.5344,28.3438
2,5507.016,13.124805,331.196,4346.9184,28.3438
2,5508.018,13.125586,324.872,4264.6784,28.3281
2,5509.017,13.126758,334.116,4385.856,28.3359
2,5510.019,13.126953,331.38,4350.016,28.3359
2,5511.018,13.127344,331.76,4355.1232,28.3438
2,5512.02,13.127734,330.944,4344.576,28.3359
2,5513.019,13.127539,324.288,4257.1008,28.3438
2,5514.021,13.127734,327.536,4299.8016,28.3438
2,5515.02,13.127734,326.544,4286.8096,28.3516
2,5516.022,13.12793,323.852,4251.4944,28.3516
2,5517.021,13.127539,322.348,4231.6416,28.3516
2,5518.023,13.127734,322.684,4236.0704,28.3516
2,5519.022,13.127539,320.136,4202.5728,28.3516
2,5520.02,13.127734,319.688,4196.7616,28.3594
2,5521.019,13.127344,319.72,4197.0816,28.3594
2,5522.021,13.127148,317.508,4168.0,28.3594
2,5523.02,13.127148,316.116,4149.696,28.3594
2,5524.022,13.127148,316.22,4151.0656,28.3594
2,5525.021,13.126758,314.1,4123.1616,28.3594
2,5526.023,13.126563,312.144,4097.3568,28.3672
2,5527.022,13.126758,311.932,4094.6176,28.3672
2,5528.024,13.126563,309.796,4066.5216,28.3594
2,5529.023,13.125977,309.708,4065.2288,28.3672
2,5530.025,13.125977,308.036,4043.264,28.3672
2,5531.024,13.125586,305.448,4009.216,28.3672
2,5532.026,13.125586,305.284,4007.04,28.3672
2,5533.025,13.125195,304.168,3992.2944,28.3672
2,5534.027,13.125,301.828,3961.4464,28.3672
2,5535.026,13.125195,301.268,3954.176,28.3672
2,5536.028,13.124414,300.14,3939.1616,28.3672
2,5537.027,13.124219,297.496,3904.4096,28.3672
2,5538.029,13.124023,296.856,3895.9616,28.3672
2,5539.028,13.124023,296.912,3896.6528,28.375
2,5540.03,13.123633,294.364,3863.1168,28.375
2,5541.029,13.123438,293.476,3851.3792,28.375
2,5542.031,13.123047,293.42,3850.5472,28.375
2,5543.03,13.122656,291.508,3825.3568,28.375
2,5544.032,13.122461,289.776,3802.56,28.375
2,5545.031,13.12207,289.668,3801.0496,28.375
2,5546.033,13.12207,287.736,3775.6672,28.375
2,5547.032,13.12168,286.236,3755.8656,28.3672
2,5548.034,13.121484,285.744,3749.376,28.3672
2,5549.033,13.121094,279.592,3668.7744,28.3672
2,5550.035,13.120898,283.508,3719.8976,28.3672
2,5551.034,13.120508,281.476,3693.1072,28.3672
2,5552.036,13.120117,279.424,3666.048,28.3672
2,5553.035,13.119922,279.784,3670.7072,28.3672
2,5554.037,13.119531,277.984,3647.0144,28.3672
2,5555.036,13.119141,275.932,3619.9936,28.3672
2,5556.038,13.119141,275.564,3615.1552,28.375
2,5557.037,13.118555,274.38,3599.4752,28.375
2,5558.039,13.118359,272.36,3572.928,28.375
2,5559.038,13.117969,272.016,3568.256,28.375
2,5560.04,13.117773,270.692,3550.848,28.375
2,5561.039,13.117383,268.652,3524.0064,28.375
2,5562.041,13.116992,268.152,3517.3632,28.375
2,5563.04,13.116797,267.688,3511.1936,28.375
2,5564.042,13.116797,265.128,3477.5808,28.3672
2,5565.041,13.116016,264.372,3467.5072,28.375
2,5566.043,13.115625,263.876,3460.9024,28.375
2,5567.042,13.11543,261.716,3432.4992,28.375
2,5568.044,13.115234,260.924,3422.08,28.375
2,5569.043,13.114844,260.468,3416.0,28.375
2,5570.045,13.114453,258.76,3393.4976,28.375
2,5571.044,13.114063,257.896,3382.0288,28.375
2,5572.046,13.113672,256.048,3357.7216,28.375
2,5573.045,13.113477,254.744,3340.5824,28.3672
2,5574.047,13.112695,254.464,3336.7168,28.3672
2,5575.046,13.112695,252.348,3308.9408,28.3672
2,5576.048,13.112305,250.732,3287.68,28.3672
2,5577.047,13.112305,250.9,3289.856,28.3672
2,5578.049,13.111914,249.024,3265.1392,28.375
2,5579.048,13.111133,247.204,3241.1264,28.375
2,5580.046,13.110938,247.256,3241.7152,28.375
2,5581.045,13.110352,245.624,3220.2368,28.375
2,5582.047,13.109961,243.772,3195.8784,28.375
2,5583.046,13.10957,243.996,3198.7072,28.375
2,5584.048,13.10957,243.096,3186.88,28.375
2,5585.047,13.10918,241.24,3162.4448,28.375
2,5586.049,13.108789,240.992,3159.104,28.375
2,5587.048,13.108594,240.34,3150.4768,28.375
2,5588.05,13.108203,238.044,3120.3456,28.375
2,5589.049,13.107813,237.876,3118.0288,28.375
2,5590.051,13.107617,237.62,3114.5856,28.375
2,5591.05,13.107031,232.704,3050.304,28.3828
2,5592.052,13.106836,236.044,3093.7856,28.3828
2,5593.051,13.106641,233.508,3060.5056,28.3828
2,5594.053,13.10625,232.488,3047.0656,28.3906
2,5595.052,13.105859,232.584,3048.2432,28.3906
2,5596.054,13.105664,227.06,2976.0,28.3906
2,5597.053,13.105273,229.872,3012.5568,28.3906
2,5598.055,13.104883,229.888,3012.6464,28.3906
2,5599.054,13.104492,228.1,2989.1072,28.3906
2,5600.056,13.104102,226.924,2973.6064,28.3906
2,5601.055,13.103906,227.172,2976.8192,28.3984
2,5602.057,13.103516,225.536,2955.2896,28.3984
2,5603.056,13.10332,223.764,2932.0704,28.3984
2,5604.058,13.103125,224.404,2940.4032,28.3984
2,5605.057,13.102539,222.824,2919.5648,28.4063
2,5606.059,13.102148,221.48,2901.8368,28.4063
2,5607.058,13.101758,221.98,2908.3008,28.4063
2,5608.06,13.101758,220.612,2890.3808,28.4063
2,5609.059,13.101172,218.968,2868.7104,28.4141
2,5610.061,13.101172,219.384,2874.1504,28.4141
2,5611.06,13.100586,218.484,2862.2464,28.4141
2,5612.062,13.100391,217.744,2852.5184,28.4141
2,5613.061,13.100195,213.78,2800.7424,28.4141
2,5614.063,13.099609,211.592,2772.032,28.4141
2,5615.062,13.099609,214.976,2816.1152,28.4141
2,5616.064,13.099023,214.864,2814.5024,28.4141
2,5617.063,13.098828,213.056,2790.784,28.4219
2,5618.065,13.098633,213.056,2790.7712,28.4219
2,5619.064,13.098242,212.632,2785.0752,28.4219
2,5620.066,13.097852,210.604,2758.4512,28.4219
2,5621.065,13.097656,210.46,2756.5184,28.4219
2,5622.067,13.097266,211.1,2764.8256,28.4297
2,5623.066,13.096875,208.876,2735.616,28.4297
2,5624.068,13.096484,208.572,2731.5584,28.4297
2,5625.067,13.096484,209.292,2740.9408,28.4297
2,5626.069,13.096094,207.912,2722.8416,28.4297
2,5627.068,13.095898,206.52,2704.5888,28.4375
2,5628.07,13.095703,206.972,2710.4256,28.4375
2,5629.069,13.095117,206.452,2703.5136,28.4375
2,5630.071,13.094922,202.948,2657.8432,28.4375
2,5631.07,13.094531,206.66,2706.112,28.4375
2,5632.072,13.094531,205.712,2693.7088,28.4375
2,5633.071,13.094531,204.296,2692.7104,28.4375
2,5634.073,13.094336,204.964,2683.8656,28.4375
2,5635.072,13.093945,203.472,2664.2432,28.4375
2,5636.074,13.09375,204.692,2680.1792,28.4375
2,5637.073,13.093555,204.3,2674.9952,28.4375
2,5638.075,13.093359,202.4,2650.0864,28.4375
2,5639.074,13.093164,203.592,2665.6384,28.4375
2,5640.072,13.093164,203.404,2663.168,28.4375
2,5641.071,13.092578,201.968,2644.2752,28.4375
2,5642.073,13.092188,202.224,2647.552,28.4375
2,5643.072,13.091992,201.992,2644.4928,28.4375
2,5644.074,13.091797,200.888,2629.9776,28.4375
2,5645.073,13.091406,200.728,2627.776,28.4375
2,5646.075,13.091406,201.292,2635.1872,28.4375
2,5647.074,13.091211,199.744,2614.912,28.4375
2,5648.076,13.09082,196.696,2575.1552,28.4453
2,5649.075,13.091016,200.212,2620.9792,28.4453
2,5650.077,13.090234,198.792,2602.24,28.4453
2,5651.076,13.090234,198.256,2595.2128,28.4453
2,5652.078,13.090234,199.052,2605.5936,28.4453
2,5653.077,13.089648,193.048,2527.4496,28.4453
2,5654.079,13.089258,197.66,2587.2,28.4453
2,5655.078,13.089258,195.38,2557.6704,28.4453
2,5656.08,13.089453,197.332,2582.9504,28.4453
2,5657.079,13.089453,198.476,2597.9136,28.4453
2,5658.081,13.089063,197.756,2588.4544,28.4531
2,5659.08,13.089258,196.676,2574.336,28.4453
2,5660.082,13.088867,197.82,2589.2352,28.4453
2,5661.081,13.088477,196.9,2577.1136,28.4531
2,5662.083,13.088281,195.3,2556.1216,28.4453
2,5663.082,13.088086,196.584,2572.9152,28.4531
2,5664.084,13.087891,196.512,2571.9296,28.4531
2,5665.083,13.087891,195.452,2558.0416,28.4531
2,5666.085,13.087695,196.3,2569.088,28.4531
2,5667.084,13.087305,196.728,2574.656,28.4531
2,5668.086,13.0875,195.62,2560.1664,28.4531
2,5669.085,13.087109,196.608,2573.0304,28.4609
2,5670.087,13.087305,197.1,2579.5072,28.4531
2,5671.086,13.086914,193.152,2528.0768,28.4609
2,5672.088,13.086719,194.888,2550.4256,28.4609
2,5673.087,13.086719,197.364,2582.8736,28.4609
2,5674.089,13.086719,196.74,2574.6816,28.4609
2,5675.088,13.086523,197.492,2584.4736,28.4609
2,5676.09,13.086328,197.448,2583.8592,28.4609
2,5677.089,13.086523,197.624,2586.1632,28.4609
2,5678.091,13.086328,198.68,2599.9616,28.4609
2,5679.09,13.086133,198.048,2591.68,28.4609
2,5680.092,13.086133,197.888,2589.568,28.4609
2,5681.091,13.086328,199.588,2611.8656,28.4609
2,5682.093,13.086133,198.864,2602.3808,28.4609
2,5683.092,13.085938,198.244,2594.2272,28.4609
2,5684.094,13.085938,199.536,2611.1488,28.4609
2,5685.093,13.085742,199.02,2604.3008,28.4609
2,5686.095,13.085742,198.708,2600.256,28.4609
2,5687.094,13.085742,199.916,2616.0384,28.4609
2,5688.096,13.085547,200.136,2618.9056,28.4609
2,5689.095,13.085352,196.292,2568.7424,28.4609
2,5690.097,13.085352,200.6,2624.9088,28.4609
2,5691.096,13.085742,201.448,2636.0704,28.4609
2,5692.098,13.085547,200.272,2620.6464,28.4609
2,5693.097,13.085352,198.464,2597.1968,28.4609
2,5694.099,13.085352,200.04,2617.8432,28.4609
2,5695.098,13.085352,201.88,2641.6896,28.4609
2,5696.1,13.085156,199.952,2616.6272,28.4531
2,5697.099,13.085352,202.624,2651.3792,28.4609
2,5698.101,13.084961,203.336,2660.6208,28.4531
2,5699.1,13.085156,204.408,2674.688,28.4609
2,5700.098,13.085352,204.26,2672.8064,28.4531
2,5701.097,13.085547,204.608,2677.4016,28.4531
2,5702.099,13.085352,206.172,2697.8048,28.4453
2,5703.098,13.085352,205.764,2692.48,28.4531
2,5704.1,13.085352,206.436,2701.2736,28.4531
2,5705.099,13.085156,208.008,2721.792,28.4531
2,5706.101,13.085547,207.664,2717.4272,28.4453
2,5707.1,13.085156,205.02,2683.0208,28.4453
2,5708.102,13.085547,209.776,2745.0368,28.4453
2,5709.101,13.085547,210.016,2748.1856,28.4453
2,5710.103,13.085352,209.732,2744.4224,28.4453
2,5711.102,13.085547,211.712,2770.3424,28.4453
2,5712.104,13.085938,212.208,2776.9472,28.4375
2,5713.103,13.085742,208.98,2734.8736,28.4375
2,5714.105,13.086133,213.932,2799.5392,28.4375
2,5715.104,13.085938,214.74,2810.0608,28.4375
2,5716.106,13.085938,214.284,2804.0704,28.4375
2,5717.105,13.086328,216.396,2831.7824,28.4375
2,5718.107,13.086328,214.552,2807.7184,28.4453
2,5719.106,13.086523,217.896,2851.4944,28.4375
2,5720.108,13.086328,218.264,2856.2816,28.4375
2,5721.107,13.086328,217.812,2850.3552,28.4375
2,5722.109,13.086523,219.516,2872.7168,28.4375
2,5723.108,13.087109,221.252,2895.5392,28.4453
2,5724.11,13.086719,221.052,2892.8512,28.4453
2,5725.109,13.087109,222.384,2910.3232,28.4375
2,5726.111,13.087109,223.948,2930.8416,28.4375
2,5727.11,13.0875,223.408,2923.8528,28.4375
2,5728.112,13.087305,224.392,2936.704,28.4375
2,5729.111,13.087891,225.944,2957.0944,28.4375
2,5730.113,13.087695,226.192,2960.3328,28.4375
2,5731.112,13.088086,226.548,2965.056,28.4375
2,5732.114,13.087695,225.7,2954.176,28.4453
2,5733.113,13.088477,229.016,2997.44,28.4375
2,5734.115,13.088477,228.72,2993.5872,28.4375
2,5735.114,13.088672,231.376,3028.4032,28.4453
2,5736.116,13.088477,229.04,2997.7984,28.4375
2,5737.115,13.089063,232.628,3044.864,28.4375
2,5738.117,13.089453,234.952,3075.392,28.4375
2,5739.116,13.089648,235.956,3088.576,28.4375
2,5740.118,13.089844,236.504,3095.8336,28.4375
2,5741.117,13.089648,237.86,3113.4976,28.4375
2,5742.119,13.090234,238.6,3123.3152,28.4297
